store_name,store_city,store_state,metro,dc_name
217 Summit Blvd,Birmingham,AL,Atlanta,Braselton DC
9 Du Rhu Dr Ste 340,Mobile,AL,Atlanta,Braselton DC
7131 W. Ray Road,Chandler,AZ,Phoenix,Litchfield Park DC
2450 E. Camelback Road,Phoenix,AZ,Phoenix,Litchfield Park DC
15279 N Scottsdale Rd.,Scottsdale,AZ,Phoenix,Litchfield Park DC
2905 East Skyline Drive,Tucson,AZ,Phoenix,Litchfield Park DC
2203 Promenade Blvd,Rogers,AR,Dallas,Dallas DC
1712 Redwood Hwy. Suite A029,Corte Madera,CA,San Francisco,Tracy DC
3333 Bear Street Ste 155,Costa Mesa,CA,Los Angeles,City of Industry DC
734 West Shaw Avenue,Fresno,CA,Los Angeles,City of Industry DC
6333 W 3Rd St,Los Angeles,CA,Los Angeles,City of Industry DC
3200 North Sepulveda Blvd,Manhattan Beach,CA,Los Angeles,City of Industry DC
555 Shops At Mission Viejo,Mission Viejo,CA,Los Angeles,City of Industry DC
1210 Del Monte Center,Monterey,CA,Los Angeles,City of Industry DC
8032 East Coast Highway,Newport Coast,CA,Los Angeles,City of Industry DC
73505 El Paseo,Palm Desert,CA,Los Angeles,City of Industry DC
180 El Camino Real,Palo Alto,CA,San Francisco,Tracy DC
142 S. Lake Avenue,Pasadena,CA,Los Angeles,City of Industry DC
12514 South Mainstreet,Rancho Cucamonga,CA,Los Angeles,City of Industry DC
1151 Galleria Blvd,Roseville,CA,San Francisco,Tracy DC
525 Pavilions Lane,Sacramento,CA,San Francisco,Tracy DC
7007 Friars Road,San Diego,CA,Los Angeles,City of Industry DC
4575 La Jolla Village Dr,San Diego,CA,Los Angeles,City of Industry DC
864 Monterey Street,San Luis Obispo,CA,Los Angeles,City of Industry DC
113 Hillsdale Mall,San Mateo,CA,San Francisco,Tracy DC
6000 Bollinger Canyon Road,San Ramon,CA,San Francisco,Tracy DC
3835 State Street,Santa Barbara,CA,Los Angeles,City of Industry DC
2855 Stevens Creek Blvd,Santa Clara,CA,San Francisco,Tracy DC
1600 Montana Avenue,Santa Monica,CA,Los Angeles,City of Industry DC
605 Broadway,Sonoma,CA,San Francisco,Tracy DC
Ot Ws Vacaville,Vacaville,CA,San Francisco,Tracy DC
1470 Mount Diablo Blvd.,Walnut Creek,CA,San Francisco,Tracy DC
120 S. Westlake Blvd.,Westlake Village,CA,Los Angeles,City of Industry DC
1 W Flatiron Crossing Dr,Broomfield,CO,Denver,Denver Hub
1885 Briargate Parkway,Colorado Springs,CO,Denver,Denver Hub
3000 East First Ave,Denver,CO,Denver,Denver Hub
7301 South Santa Fe Dr.,Littleton,CO,Denver,Denver Hub
8405 Park Meadows Center Drive,Littleton,CO,Denver,Denver Hub
7 Backus Avenue,Danbury,CT,New York,South Brunswick DC
200 Evergreeen Way,South Windsor,CT,New York,South Brunswick DC
25 Church Ln,Westport,CT,New York,South Brunswick DC
6000 Glades Rd,Boca Raton,FL,Miami,Pompano Beach Hub
350 San Lorenzo Avenue,Coral Gables,FL,Miami,Pompano Beach Hub
800 Silks Run,Hallandale Beach,FL,Miami,Pompano Beach Hub
1691 Michigan Ave Ste 116,Miami,FL,Miami,Pompano Beach Hub
560 Grand Boulevard,Miramar Beach,FL,Miami,Pompano Beach Hub
5377 Tamiami Trail N,Naples,FL,Miami,Pompano Beach Hub
3101 Pga Blvd,Palm Beach Gardens,FL,Miami,Pompano Beach Hub
140 University Town Center Dr,Sarasota,FL,Miami,Pompano Beach Hub
2223 North West Shore Blvd.,Tampa,FL,Miami,Pompano Beach Hub
142 Park Avenue,Winter Park,FL,Miami,Pompano Beach Hub
8180 Avalon Blvd Ste 8180,Alpharetta,GA,Atlanta,Braselton DC
675 Ponce De Leon Ave Ne,Atlanta,GA,Atlanta,Braselton DC
800 Highway 400 South,Dawsonville,GA,Atlanta,Braselton DC
4475 Roswell Road,Marietta,GA,Atlanta,Braselton DC
350 N Milwaukee Ave,Boise,ID,Seattle,Tracy DC
1550 N Fremont St,Chicago,IL,Chicago,Olive Branch DC
20530 N. Rand Road,Deer Park,IL,Chicago,Olive Branch DC
322 Commons Drive,Geneva,IL,Chicago,Olive Branch DC
271 Market Square,Lake Forest,IL,Chicago,Olive Branch DC
142 Oakbrook Center,Oak Brook,IL,Chicago,Olive Branch DC
1300 E. 86Th Street,INDIANAPOLIS,IN,Chicago,Olive Branch DC
101 Jordan Creek Parkway,West Des Moines,IA,Chicago,Olive Branch DC
5204 West 119Th Street,Leawood,KS,Dallas,Dallas DC
151 Larue,Lexington,KY,Atlanta,Braselton DC
4240 Summit Plaza Dr,Louisville,KY,Atlanta,Braselton DC
200 Harker Place,Annapolis,MD,New York,South Brunswick DC
70 Village Square,Baltimore,MD,New York,South Brunswick DC
4824 Bethesda Avenue,Bethesda,MD,New York,South Brunswick DC
520 Legacy Place,Dedham,MA,New York,South Brunswick DC
96 Derby Street,Hingham,MA,New York,South Brunswick DC
1310 Market Street,Lynnfield,MA,New York,South Brunswick DC
38 Nathan Ellis Highway,Mashpee,MA,New York,South Brunswick DC
3195 28Th St Se,Grand Rapids,MI,Chicago,Olive Branch DC
3040 Towne Centre Blvd,Lansing,MI,Chicago,Olive Branch DC
27710B Novi Rd,Novi,MI,Chicago,Olive Branch DC
352 North Adams Road,Rochester Hills,MI,Chicago,Olive Branch DC
2801 West Big Beaver Road,Troy,MI,Chicago,Olive Branch DC
3512 Galleria,Edina,MN,Chicago,Olive Branch DC
12251 Wayzata Blvd,Minnetonka,MN,Chicago,Olive Branch DC
1595 Highway 36 W,Roseville,MN,Chicago,Olive Branch DC
260 Plaza Frontenac,St. Louis,MO,Chicago,Olive Branch DC
120 Regency Pkwy,Omaha,NE,Chicago,Olive Branch DC
2255 Village Walk Drive,Henderson,NV,Los Angeles,City of Industry DC
1001 South Rampart Blvd,Las Vegas,NV,Los Angeles,City of Industry DC
13945 S. Viriginia Street,Reno,NV,Los Angeles,City of Industry DC
9 Via Toscana Suite #620,Salem,NH,New York,South Brunswick DC
400 Commons Way,Bridgewater,NJ,New York,South Brunswick DC
390 Hackensack Ave,Hackensack,NJ,New York,South Brunswick DC
630 Valley Rd,Montclair,NJ,New York,South Brunswick DC
410 Market Street,Montvale,NJ,New York,South Brunswick DC
Triangle/Ltl Express (C/O Wsi),North Brunswick,NJ,New York,South Brunswick DC
3535 Us Highway 1,Princeton,NJ,New York,South Brunswick DC
1200 Morris Turnpike,Short Hills,NJ,New York,South Brunswick DC
579 Route 35,Shrewsbury,NJ,New York,South Brunswick DC
2261 Q Street Northeast,Albuquerque,NM,Phoenix,Litchfield Park DC
2044 Montauk Hwy,Bridgehampton,NY,New York,South Brunswick DC
Roosevelt Field Shopping Ctr,Garden City,NY,New York,South Brunswick DC
350 Walt Whitman Rd. Space 12C,Huntington Station,NY,New York,South Brunswick DC
110 7Th Avenue,New York,NY,New York,South Brunswick DC
10 Columbus Circle,New York,NY,New York,South Brunswick DC
1770 West Main Street,Riverhead,NY,New York,South Brunswick DC
280 Eastview Mall Dr,Victor,NY,New York,South Brunswick DC
125 Westchester Avenue,White Plains,NY,New York,South Brunswick DC
10 Brook Street,Asheville,NC,Atlanta,Braselton DC
1 Fenton Main Street,Cary,NC,Atlanta,Braselton DC
6401 Carnegie Blvd,Charlotte,NC,Atlanta,Braselton DC
6910 Fayetteville Road,Durham,NC,Atlanta,Braselton DC
3320 W. Friendly Avenue,Greensboro,NC,Atlanta,Braselton DC
16740 Birkdale Commons Pkwy,Huntersville,NC,Atlanta,Braselton DC
6852 Main Street,Wilmington,NC,Atlanta,Braselton DC
211 Park Ave. Suite 113,Beachwood,OH,Chicago,Olive Branch DC
7875 Montgomery Road,Cincinnati,OH,Chicago,Olive Branch DC
1500 Polaris Parkway,Columbus,OH,Chicago,Olive Branch DC
5001 N Pennsylvania Ave,Oklahoma City,OK,Dallas,Dallas DC
2016 Utica Square,Tulsa,OK,Dallas,Dallas DC
1202 Nw Davis St.,Portland,OR,Seattle,Tracy DC
9367 Sw Washington Square Road,Tigard,OR,Seattle,Tracy DC
937 Baltimore Pike,Glen Mills,PA,New York,South Brunswick DC
2571 Brindle Drive,Harrisburg,PA,New York,South Brunswick DC
101 Main Street,King of Prussia,PA,New York,South Brunswick DC
The Galleria Of Mt. Lebanon,Pittsburgh,PA,New York,South Brunswick DC
1000 Ross Park Mall Dr,Pittsburgh,PA,New York,South Brunswick DC
1000 Mall Of San Juan Blvd,San Juan,PR,New York,South Brunswick DC
41 Hillside Rd #134,Cranston,RI,New York,South Brunswick DC
359 King Street,Charleston,SC,Atlanta,Braselton DC
1800 Galleria Boulevard,Franklin,TN,Atlanta,Braselton DC
7600 Kingston Pike,Knoxville,TN,Atlanta,Braselton DC
4011 Hillsboro Pike #501,Nashville,TN,Atlanta,Braselton DC
4001 North Lamar Blvd,Austin,TX,Dallas,Dallas DC
8687 N Central Expressway,Dallas,TX,Dallas,Dallas DC
1620 South University Drive,Fort Worth,TX,Dallas,Dallas DC
4060 Westheimer Rd,Houston,TX,Houston,Dallas DC
12850 Memorial Drive,Houston,TX,Houston,Dallas DC
2201 Preston Road,Plano,TX,Dallas,Dallas DC
255 E Basse Rd,San Antonio,TX,Dallas,Dallas DC
172 State Street,Southlake,TX,Dallas,Dallas DC
602 E. 500 S,Salt Lake City,UT,Denver,Denver Hub
2700 Clarendon Blvd.,Arlington,VA,New York,South Brunswick DC
11818-L Fair Oaks,Fairfax,VA,New York,South Brunswick DC
2920 District Ave Ste 115,Fairfax,VA,New York,South Brunswick DC
"241 Fort Evans Rd., Sp. 1001",Leesburg,VA,New York,South Brunswick DC
11800 West Broad Street,Richmond,VA,New York,South Brunswick DC
173 Central Park Ave.,Virginia Beach,VA,New York,South Brunswick DC
216 Bellevue Square,Bellevue,WA,Seattle,Tracy DC
4619 26Th Ave Ne,Seattle,WA,Seattle,Tracy DC
808 W. Main Ave,Spokane,WA,Seattle,Tracy DC
2500 N Mayfair Rd,Wauwatosa,WI,Chicago,Olive Branch DC
6455 Macleod Trail South,Calgary,AB,New York,South Brunswick DC
2903 Granville Street,Vancouver,BC,New York,South Brunswick DC
3401 Dufferin St,North York,ON,New York,South Brunswick DC
466 Oxford Street,Bondi Junction NSW 2022,,New York,South Brunswick DC
Level 1,Chatswood NSW 2067,,New York,South Brunswick DC
"Lower Level, Near David Jones",Chadstone VIC 3148,,New York,South Brunswick DC
