sku_id,metro,product_name,brand,category,price,stock_on_hand,on_order,lead_time_days,days_of_supply,rolling_7d_avg_sales,risk_level,surge_score,surge_flag,surge_delta_7d,surge_delta_30d,primary_signal,signal_detail,recommended_action,forecast_demand_60d,demand_shortfall,dc,median_income,income_factor,scenario_type
MG-TOTE-07,Atlanta,"Monogram Tote, Navy",Mark & Graham,Accessories,129,244,89,35,49.8,4.9,OK,10.4,STEADY,-9.0,4.4,baseline,"Surge score 10, steady",No action needed,294,0,Braselton DC,89691,0.747,J
MG-TOTE-07,Chicago,"Monogram Tote, Navy",Mark & Graham,Accessories,129,436,0,35,82.3,5.3,OK,10.5,STEADY,-9.9,4.6,baseline,"Surge score 10, steady",No action needed,318,0,Olive Branch DC,89918,0.749,J
MG-TOTE-07,Dallas,"Monogram Tote, Navy",Mark & Graham,Accessories,129,338,0,35,71.9,4.7,OK,9.3,STEADY,-12.0,3.2,baseline,"Surge score 9, steady",No action needed,282,0,Dallas DC,91207,0.76,J
MG-TOTE-07,Denver,"Monogram Tote, Navy",Mark & Graham,Accessories,129,346,16,35,56.7,6.1,OK,9.7,STEADY,-11.1,3.0,baseline,"Surge score 10, steady",No action needed,366,4,Denver Hub,106878,0.891,J
MG-TOTE-07,Houston,"Monogram Tote, Navy",Mark & Graham,Accessories,129,89,82,35,22.2,4.0,STOCKOUT_RISK,9.5,STEADY,-10.4,2.4,baseline,"Surge score 10, steady",No action needed,240,69,Dallas DC,64813,0.54,J
MG-TOTE-07,Los Angeles,"Monogram Tote, Navy",Mark & Graham,Accessories,129,175,8,35,31.3,5.6,STOCKOUT_RISK,12.4,STEADY,-4.7,7.0,baseline,"Surge score 12, steady",No action needed,336,153,City of Industry DC,95821,0.799,J
MG-TOTE-07,Miami,"Monogram Tote, Navy",Mark & Graham,Accessories,129,278,0,35,63.2,4.4,OK,12.0,STEADY,-6.6,4.7,baseline,"Surge score 12, steady",No action needed,264,0,Pompano Beach Hub,62462,0.521,J
MG-TOTE-07,New York,"Monogram Tote, Navy",Mark & Graham,Accessories,129,571,45,35,95.2,6.0,OVERSTOCK_RISK,11.7,STEADY,-7.9,4.1,baseline,"Surge score 12, steady",No action needed,360,0,South Brunswick DC,100022,0.834,J
MG-TOTE-07,Phoenix,"Monogram Tote, Navy",Mark & Graham,Accessories,129,413,37,35,87.9,4.7,OVERSTOCK_RISK,10.0,STEADY,-8.7,3.9,baseline,"Surge score 10, steady",No action needed,282,0,Litchfield Park DC,89610,0.747,J
MG-TOTE-07,San Francisco,"Monogram Tote, Navy",Mark & Graham,Accessories,129,474,8,35,74.1,6.4,OK,10.3,STEADY,-8.6,2.4,baseline,"Surge score 10, steady",No action needed,384,0,Tracy DC,125105,1.0,J
MG-TOTE-07,Seattle,"Monogram Tote, Navy",Mark & Graham,Accessories,129,321,0,35,54.4,5.9,OK,9.8,STEADY,-9.7,4.0,baseline,"Surge score 10, steady",No action needed,354,33,Tracy DC,109389,0.912,J
PB-BED-33,Atlanta,"Bedroom Set, King",Pottery Barn,Furniture,1899,116,32,68,23.7,4.9,STOCKOUT_RISK,12.4,STEADY,-5.2,-0.4,baseline,"Surge score 12, steady",No action needed,294,146,Braselton DC,89691,0.747,C
PB-BED-33,Chicago,"Bedroom Set, King",Pottery Barn,Furniture,1899,229,9,68,46.7,4.9,STOCKOUT_RISK,12.5,STEADY,-6.4,2.2,baseline,"Surge score 12, steady",No action needed,294,56,Olive Branch DC,89918,0.749,C
PB-BED-33,Dallas,"Bedroom Set, King",Pottery Barn,Furniture,1899,353,19,68,75.1,4.7,STOCKOUT_RISK,11.9,STEADY,-5.5,0.0,baseline,"Surge score 12, steady",No action needed,282,0,Dallas DC,91207,0.76,C
PB-BED-33,Denver,"Bedroom Set, King",Pottery Barn,Furniture,1899,209,0,68,37.3,5.6,STOCKOUT_RISK,12.0,STEADY,-5.4,0.3,baseline,"Surge score 12, steady",No action needed,336,127,Denver Hub,106878,0.891,C
PB-BED-33,Houston,"Bedroom Set, King",Pottery Barn,Furniture,1899,216,0,68,65.5,3.3,STOCKOUT_RISK,10.8,STEADY,-6.4,-1.2,baseline,"Surge score 11, steady",No action needed,198,0,Dallas DC,64813,0.54,C
PB-BED-33,Los Angeles,"Bedroom Set, King",Pottery Barn,Furniture,1899,417,30,68,78.7,5.3,STOCKOUT_RISK,11.9,STEADY,-6.8,0.0,baseline,"Surge score 12, steady",No action needed,318,0,City of Industry DC,95821,0.799,C
PB-BED-33,Miami,"Bedroom Set, King",Pottery Barn,Furniture,1899,319,20,68,96.7,3.3,OK,12.8,STEADY,-3.4,2.3,baseline,"Surge score 13, steady",No action needed,198,0,Pompano Beach Hub,62462,0.521,C
PB-BED-33,New York,"Bedroom Set, King",Pottery Barn,Furniture,1899,398,30,68,78.0,5.1,STOCKOUT_RISK,11.6,STEADY,-6.4,-0.1,baseline,"Surge score 12, steady",No action needed,306,0,South Brunswick DC,100022,0.834,C
PB-BED-33,Phoenix,"Bedroom Set, King",Pottery Barn,Furniture,1899,447,0,68,91.2,4.9,WATCH,15.1,STEADY,-3.5,-1.8,housing_permit,Phoenix SFH permits +34% MoM,Pre-position 400 units to Arizona DC,294,0,Litchfield Park DC,89610,0.747,C
PB-BED-33,San Francisco,"Bedroom Set, King",Pottery Barn,Furniture,1899,153,83,68,23.2,6.6,STOCKOUT_RISK,11.2,STEADY,-6.5,0.0,baseline,"Surge score 11, steady",No action needed,396,160,Tracy DC,125105,1.0,C
PB-BED-33,Seattle,"Bedroom Set, King",Pottery Barn,Furniture,1899,451,0,68,73.9,6.1,STOCKOUT_RISK,11.8,STEADY,-5.7,0.3,baseline,"Surge score 12, steady",No action needed,366,0,Tracy DC,109389,0.912,C
PB-BLANKET-42,Atlanta,"Throw Blanket, Cognac",Pottery Barn,Bedding,89,5934,1673,70,59.3,100.0,STOCKOUT_RISK,10.9,SURGING,-9.0,-17.5,google_trends,Search volume +840% in 7 days (viral),"Expedite supplementary order for 12,200 units",6000,0,Braselton DC,89691,0.747,A
PB-BLANKET-42,Chicago,"Throw Blanket, Cognac",Pottery Barn,Bedding,89,5847,0,70,62.2,94.0,STOCKOUT_RISK,9.8,SURGING,-10.1,-21.2,google_trends,Search volume +840% in 7 days (viral),"Expedite supplementary order for 12,200 units",5640,0,Olive Branch DC,89918,0.749,A
PB-BLANKET-42,Dallas,"Throw Blanket, Cognac",Pottery Barn,Bedding,89,4267,1333,70,41.8,102.1,STOCKOUT_RISK,10.4,SURGING,-10.8,-17.7,google_trends,Search volume +840% in 7 days (viral),"Expedite supplementary order for 12,200 units",6126,526,Dallas DC,91207,0.76,A
PB-BLANKET-42,Denver,"Throw Blanket, Cognac",Pottery Barn,Bedding,89,5353,0,70,45.8,117.0,STOCKOUT_RISK,10.7,SURGING,-9.1,-17.5,google_trends,Search volume +840% in 7 days (viral),"Expedite supplementary order for 12,200 units",7020,1667,Denver Hub,106878,0.891,A
PB-BLANKET-42,Houston,"Throw Blanket, Cognac",Pottery Barn,Bedding,89,8408,0,70,97.4,86.3,STOCKOUT_RISK,11.2,SURGING,-8.7,-17.0,google_trends,Search volume +840% in 7 days (viral),"Expedite supplementary order for 12,200 units",5178,0,Dallas DC,64813,0.54,A
PB-BLANKET-42,Los Angeles,"Throw Blanket, Cognac",Pottery Barn,Bedding,89,5686,787,70,51.7,109.9,STOCKOUT_RISK,11.8,SURGING,-7.9,-19.6,google_trends,Search volume +840% in 7 days (viral),"Expedite supplementary order for 12,200 units",6594,121,City of Industry DC,95821,0.799,A
PB-BLANKET-42,Miami,"Throw Blanket, Cognac",Pottery Barn,Bedding,89,1942,0,70,23.9,81.1,STOCKOUT_RISK,10.3,SURGING,-8.8,-20.0,google_trends,Search volume +840% in 7 days (viral),"Expedite supplementary order for 12,200 units",4866,2924,Pompano Beach Hub,62462,0.521,A
PB-BLANKET-42,New York,"Throw Blanket, Cognac",Pottery Barn,Bedding,89,2405,1021,70,22.1,108.7,STOCKOUT_RISK,10.3,SURGING,-10.1,-21.2,google_trends,Search volume +840% in 7 days (viral),"Expedite supplementary order for 12,200 units",6522,3096,South Brunswick DC,100022,0.834,A
PB-BLANKET-42,Phoenix,"Throw Blanket, Cognac",Pottery Barn,Bedding,89,2803,1206,70,27.8,101.0,STOCKOUT_RISK,11.1,SURGING,-10.1,-17.1,google_trends,Search volume +840% in 7 days (viral),"Expedite supplementary order for 12,200 units",6060,2051,Litchfield Park DC,89610,0.747,A
PB-BLANKET-42,San Francisco,"Throw Blanket, Cognac",Pottery Barn,Bedding,89,7927,866,70,66.4,119.4,STOCKOUT_RISK,9.5,SURGING,-10.7,-19.8,google_trends,Search volume +840% in 7 days (viral),"Expedite supplementary order for 12,200 units",7164,0,Tracy DC,125105,1.0,A
PB-BLANKET-42,Seattle,"Throw Blanket, Cognac",Pottery Barn,Bedding,89,8300,1814,70,69.8,118.9,STOCKOUT_RISK,10.6,SURGING,-9.2,-19.7,google_trends,Search volume +840% in 7 days (viral),"Expedite supplementary order for 12,200 units",7134,0,Tracy DC,109389,0.912,A
PB-BOOK-22,Atlanta,Modular Bookcase,Pottery Barn,Furniture,899,162,0,63,26.6,6.1,STOCKOUT_RISK,10.0,STEADY,-8.4,-1.4,baseline,"Surge score 10, steady",No action needed,366,204,Braselton DC,89691,0.747,R
PB-BOOK-22,Chicago,Modular Bookcase,Pottery Barn,Furniture,899,164,0,63,24.8,6.6,STOCKOUT_RISK,11.6,STEADY,-7.5,-1.5,baseline,"Surge score 12, steady",No action needed,396,232,Olive Branch DC,89918,0.749,R
PB-BOOK-22,Dallas,Modular Bookcase,Pottery Barn,Furniture,899,185,68,63,29.4,6.3,STOCKOUT_RISK,10.9,STEADY,-7.5,-0.7,baseline,"Surge score 11, steady",No action needed,378,125,Dallas DC,91207,0.76,R
PB-BOOK-22,Denver,Modular Bookcase,Pottery Barn,Furniture,899,281,2,63,36.5,7.7,STOCKOUT_RISK,10.5,STEADY,-7.9,-1.0,baseline,"Surge score 10, steady",No action needed,462,179,Denver Hub,106878,0.891,R
PB-BOOK-22,Houston,Modular Bookcase,Pottery Barn,Furniture,899,272,27,63,59.1,4.6,STOCKOUT_RISK,11.2,STEADY,-6.2,-0.5,baseline,"Surge score 11, steady",No action needed,276,0,Dallas DC,64813,0.54,R
PB-BOOK-22,Los Angeles,Modular Bookcase,Pottery Barn,Furniture,899,589,60,63,84.1,7.0,OK,11.7,STEADY,-7.1,-0.2,baseline,"Surge score 12, steady",No action needed,420,0,City of Industry DC,95821,0.799,R
PB-BOOK-22,Miami,Modular Bookcase,Pottery Barn,Furniture,899,183,0,63,41.6,4.4,STOCKOUT_RISK,11.8,STEADY,-5.5,1.0,baseline,"Surge score 12, steady",No action needed,264,81,Pompano Beach Hub,62462,0.521,R
PB-BOOK-22,New York,Modular Bookcase,Pottery Barn,Furniture,899,233,0,63,35.3,6.6,STOCKOUT_RISK,10.6,STEADY,-7.7,-1.6,baseline,"Surge score 11, steady",No action needed,396,163,South Brunswick DC,100022,0.834,R
PB-BOOK-22,Phoenix,Modular Bookcase,Pottery Barn,Furniture,899,613,0,63,95.8,6.4,OK,12.5,STEADY,-5.1,-0.2,baseline,"Surge score 12, steady",No action needed,384,0,Litchfield Park DC,89610,0.747,R
PB-BOOK-22,San Francisco,Modular Bookcase,Pottery Barn,Furniture,899,663,67,63,77.1,8.6,OK,10.4,STEADY,-8.8,-0.6,baseline,"Surge score 10, steady",No action needed,516,0,Tracy DC,125105,1.0,R
PB-BOOK-22,Seattle,Modular Bookcase,Pottery Barn,Furniture,899,364,17,63,44.9,8.1,STOCKOUT_RISK,13.5,STEADY,-3.5,1.1,baseline,"Surge score 14, steady",No action needed,486,105,Tracy DC,109389,0.912,R
PB-CANDLE-18,Atlanta,Hearth Candle Set,Pottery Barn,Decor,79,2173,0,28,48.6,44.7,OK,12.1,STEADY,-9.5,-0.7,baseline,"Surge score 12, steady",No action needed,2682,509,Braselton DC,89691,0.747,R
PB-CANDLE-18,Chicago,Hearth Candle Set,Pottery Barn,Decor,79,3531,965,28,76.8,46.0,OVERSTOCK_RISK,11.1,STEADY,-12.0,-1.8,baseline,"Surge score 11, steady",No action needed,2760,0,Olive Branch DC,89918,0.749,R
PB-CANDLE-18,Dallas,Hearth Candle Set,Pottery Barn,Decor,79,1849,29,28,37.4,49.4,OK,12.0,STEADY,-8.5,-1.4,baseline,"Surge score 12, steady",No action needed,2964,1086,Dallas DC,91207,0.76,R
PB-CANDLE-18,Denver,Hearth Candle Set,Pottery Barn,Decor,79,4578,0,28,89.6,51.1,OVERSTOCK_RISK,10.9,STEADY,-10.4,-2.1,baseline,"Surge score 11, steady",No action needed,3066,0,Denver Hub,106878,0.891,R
PB-CANDLE-18,Houston,Hearth Candle Set,Pottery Barn,Decor,79,2070,605,28,55.9,37.0,OK,11.5,STEADY,-9.5,-2.8,baseline,"Surge score 12, steady",No action needed,2220,0,Dallas DC,64813,0.54,R
PB-CANDLE-18,Los Angeles,Hearth Candle Set,Pottery Barn,Decor,79,4379,0,28,85.7,51.1,OVERSTOCK_RISK,12.1,STEADY,-9.8,-2.1,baseline,"Surge score 12, steady",No action needed,3066,0,City of Industry DC,95821,0.799,R
PB-CANDLE-18,Miami,Hearth Candle Set,Pottery Barn,Decor,79,3273,471,28,90.7,36.1,OVERSTOCK_RISK,11.7,STEADY,-8.8,-2.0,baseline,"Surge score 12, steady",No action needed,2166,0,Pompano Beach Hub,62462,0.521,R
PB-CANDLE-18,New York,Hearth Candle Set,Pottery Barn,Decor,79,3903,267,28,80.6,48.4,OVERSTOCK_RISK,11.5,STEADY,-10.2,-1.3,baseline,"Surge score 12, steady",No action needed,2904,0,South Brunswick DC,100022,0.834,R
PB-CANDLE-18,Phoenix,Hearth Candle Set,Pottery Barn,Decor,79,2897,588,28,62.0,46.7,OK,12.8,STEADY,-8.2,-1.0,baseline,"Surge score 13, steady",No action needed,2802,0,Litchfield Park DC,89610,0.747,R
PB-CANDLE-18,San Francisco,Hearth Candle Set,Pottery Barn,Decor,79,2324,0,28,41.5,56.0,OK,11.8,STEADY,-8.7,-2.5,baseline,"Surge score 12, steady",No action needed,3360,1036,Tracy DC,125105,1.0,R
PB-CANDLE-18,Seattle,Hearth Candle Set,Pottery Barn,Decor,79,1477,731,28,25.5,57.9,STOCKOUT_RISK,12.2,STEADY,-8.9,-1.0,baseline,"Surge score 12, steady",No action needed,3474,1266,Tracy DC,109389,0.912,R
PB-DINING-14,Atlanta,Farmhouse Dining Table,Pottery Barn,Furniture,1699,304,0,70,82.2,3.7,STOCKOUT_RISK,11.5,STEADY,-5.8,0.0,baseline,"Surge score 12, steady",No action needed,222,0,Braselton DC,89691,0.747,R
PB-DINING-14,Chicago,Farmhouse Dining Table,Pottery Barn,Furniture,1699,261,0,70,72.5,3.6,STOCKOUT_RISK,10.2,STEADY,-8.7,-1.9,baseline,"Surge score 10, steady",No action needed,216,0,Olive Branch DC,89918,0.749,R
PB-DINING-14,Dallas,Farmhouse Dining Table,Pottery Barn,Furniture,1699,171,27,70,47.5,3.6,STOCKOUT_RISK,10.9,STEADY,-8.0,-0.1,baseline,"Surge score 11, steady",No action needed,216,18,Dallas DC,91207,0.76,R
PB-DINING-14,Denver,Farmhouse Dining Table,Pottery Barn,Furniture,1699,247,74,70,56.1,4.4,STOCKOUT_RISK,11.7,STEADY,-7.3,-1.8,baseline,"Surge score 12, steady",No action needed,264,0,Denver Hub,106878,0.891,R
PB-DINING-14,Houston,Farmhouse Dining Table,Pottery Barn,Furniture,1699,178,51,70,68.5,2.6,STOCKOUT_RISK,9.9,STEADY,-8.2,-0.8,baseline,"Surge score 10, steady",No action needed,156,0,Dallas DC,64813,0.54,R
PB-DINING-14,Los Angeles,Farmhouse Dining Table,Pottery Barn,Furniture,1699,262,27,70,65.5,4.0,STOCKOUT_RISK,12.7,STEADY,-4.7,1.7,baseline,"Surge score 13, steady",No action needed,240,0,City of Industry DC,95821,0.799,R
PB-DINING-14,Miami,Farmhouse Dining Table,Pottery Barn,Furniture,1699,178,0,70,68.5,2.6,STOCKOUT_RISK,11.6,STEADY,-6.7,0.8,baseline,"Surge score 12, steady",No action needed,156,0,Pompano Beach Hub,62462,0.521,R
PB-DINING-14,New York,Farmhouse Dining Table,Pottery Barn,Furniture,1699,323,5,70,73.4,4.4,STOCKOUT_RISK,11.7,STEADY,-6.5,-1.1,baseline,"Surge score 12, steady",No action needed,264,0,South Brunswick DC,100022,0.834,R
PB-DINING-14,Phoenix,Farmhouse Dining Table,Pottery Barn,Furniture,1699,153,63,70,42.5,3.6,STOCKOUT_RISK,9.6,STEADY,-8.8,-0.4,baseline,"Surge score 10, steady",No action needed,216,0,Litchfield Park DC,89610,0.747,R
PB-DINING-14,San Francisco,Farmhouse Dining Table,Pottery Barn,Furniture,1699,305,45,70,56.5,5.4,STOCKOUT_RISK,10.4,STEADY,-8.1,-2.1,baseline,"Surge score 10, steady",No action needed,324,0,Tracy DC,125105,1.0,R
PB-DINING-14,Seattle,Farmhouse Dining Table,Pottery Barn,Furniture,1699,380,5,70,82.6,4.6,STOCKOUT_RISK,12.2,STEADY,-4.5,1.3,baseline,"Surge score 12, steady",No action needed,276,0,Tracy DC,109389,0.912,R
PB-DUVET-12,Atlanta,Linen Duvet Cover,Pottery Barn,Bedding,249,1986,266,49,76.4,26.0,OK,12.1,STEADY,-9.4,-2.8,baseline,"Surge score 12, steady",No action needed,1560,0,Braselton DC,89691,0.747,R
PB-DUVET-12,Chicago,Linen Duvet Cover,Pottery Barn,Bedding,249,640,5,49,25.7,24.9,STOCKOUT_RISK,11.6,STEADY,-10.1,-2.9,baseline,"Surge score 12, steady",No action needed,1494,849,Olive Branch DC,89918,0.749,R
PB-DUVET-12,Dallas,Linen Duvet Cover,Pottery Barn,Bedding,249,1300,376,49,50.8,25.6,STOCKOUT_RISK,11.3,STEADY,-9.3,-1.6,baseline,"Surge score 11, steady",No action needed,1536,0,Dallas DC,91207,0.76,R
PB-DUVET-12,Denver,Linen Duvet Cover,Pottery Barn,Bedding,249,1166,0,49,38.1,30.6,STOCKOUT_RISK,11.3,STEADY,-12.1,-2.8,baseline,"Surge score 11, steady",No action needed,1836,670,Denver Hub,106878,0.891,R
PB-DUVET-12,Houston,Linen Duvet Cover,Pottery Barn,Bedding,249,769,0,49,34.5,22.3,STOCKOUT_RISK,13.0,STEADY,-7.0,-0.5,baseline,"Surge score 13, steady",No action needed,1338,569,Dallas DC,64813,0.54,R
PB-DUVET-12,Los Angeles,Linen Duvet Cover,Pottery Barn,Bedding,249,1838,326,49,68.3,26.9,OK,11.2,STEADY,-10.6,-2.2,baseline,"Surge score 11, steady",No action needed,1614,0,City of Industry DC,95821,0.799,R
PB-DUVET-12,Miami,Linen Duvet Cover,Pottery Barn,Bedding,249,2010,99,49,95.3,21.1,OK,12.0,STEADY,-8.0,-1.0,baseline,"Surge score 12, steady",No action needed,1266,0,Pompano Beach Hub,62462,0.521,R
PB-DUVET-12,New York,Linen Duvet Cover,Pottery Barn,Bedding,249,2360,485,49,84.6,27.9,OK,11.3,STEADY,-11.3,-2.8,baseline,"Surge score 11, steady",No action needed,1674,0,South Brunswick DC,100022,0.834,R
PB-DUVET-12,Phoenix,Linen Duvet Cover,Pottery Barn,Bedding,249,1906,289,49,75.3,25.3,OK,11.9,STEADY,-8.5,-3.0,baseline,"Surge score 12, steady",No action needed,1518,0,Litchfield Park DC,89610,0.747,R
PB-DUVET-12,San Francisco,Linen Duvet Cover,Pottery Barn,Bedding,249,2564,418,49,81.7,31.4,OK,11.5,STEADY,-11.2,-2.6,baseline,"Surge score 12, steady",No action needed,1884,0,Tracy DC,125105,1.0,R
PB-DUVET-12,Seattle,Linen Duvet Cover,Pottery Barn,Bedding,249,1522,156,49,52.7,28.9,STOCKOUT_RISK,9.7,STEADY,-12.6,-4.2,baseline,"Surge score 10, steady",No action needed,1734,56,Tracy DC,109389,0.912,R
PB-LAMP-20,Atlanta,Tripod Floor Lamp,Pottery Barn,Lighting,349,335,59,56,77.9,4.3,OK,10.1,STEADY,-10.5,-0.2,baseline,"Surge score 10, steady",No action needed,258,0,Braselton DC,89691,0.747,R
PB-LAMP-20,Chicago,Tripod Floor Lamp,Pottery Barn,Lighting,349,133,0,56,30.9,4.3,STOCKOUT_RISK,9.3,STEADY,-10.7,-1.8,baseline,"Surge score 9, steady",No action needed,258,125,Olive Branch DC,89918,0.749,R
PB-LAMP-20,Dallas,Tripod Floor Lamp,Pottery Barn,Lighting,349,318,37,56,74.0,4.3,OK,9.1,STEADY,-10.3,-2.6,baseline,"Surge score 9, steady",No action needed,258,0,Dallas DC,91207,0.76,R
PB-LAMP-20,Denver,Tripod Floor Lamp,Pottery Barn,Lighting,349,427,49,56,90.9,4.7,OK,9.6,STEADY,-11.1,-1.9,baseline,"Surge score 10, steady",No action needed,282,0,Denver Hub,106878,0.891,R
PB-LAMP-20,Houston,Tripod Floor Lamp,Pottery Barn,Lighting,349,173,4,56,57.7,3.0,STOCKOUT_RISK,9.0,STEADY,-11.7,-1.4,baseline,"Surge score 9, steady",No action needed,180,3,Dallas DC,64813,0.54,R
PB-LAMP-20,Los Angeles,Tripod Floor Lamp,Pottery Barn,Lighting,349,255,1,56,58.0,4.4,STOCKOUT_RISK,11.0,STEADY,-5.4,-1.5,baseline,"Surge score 11, steady",No action needed,264,8,City of Industry DC,95821,0.799,R
PB-LAMP-20,Miami,Tripod Floor Lamp,Pottery Barn,Lighting,349,64,52,56,22.1,2.9,STOCKOUT_RISK,10.5,STEADY,-8.2,-1.0,baseline,"Surge score 10, steady",No action needed,174,58,Pompano Beach Hub,62462,0.521,R
PB-LAMP-20,New York,Tripod Floor Lamp,Pottery Barn,Lighting,349,368,14,56,73.6,5.0,OK,11.5,STEADY,-7.5,0.1,baseline,"Surge score 12, steady",No action needed,300,0,South Brunswick DC,100022,0.834,R
PB-LAMP-20,Phoenix,Tripod Floor Lamp,Pottery Barn,Lighting,349,347,52,56,89.0,3.9,OK,8.4,STEADY,-10.6,-3.0,baseline,"Surge score 8, steady",No action needed,234,0,Litchfield Park DC,89610,0.747,R
PB-LAMP-20,San Francisco,Tripod Floor Lamp,Pottery Barn,Lighting,349,248,0,56,40.7,6.1,STOCKOUT_RISK,10.1,STEADY,-11.5,0.0,baseline,"Surge score 10, steady",No action needed,366,118,Tracy DC,125105,1.0,R
PB-LAMP-20,Seattle,Tripod Floor Lamp,Pottery Barn,Lighting,349,405,80,56,81.0,5.0,OK,9.0,STEADY,-12.6,-1.0,baseline,"Surge score 9, steady",No action needed,300,0,Tracy DC,109389,0.912,R
PB-MIRROR-16,Atlanta,Arched Wall Mirror,Pottery Barn,Decor,399,364,156,42,43.9,8.3,STOCKOUT_RISK,11.2,STEADY,-8.1,-0.4,baseline,"Surge score 11, steady",No action needed,498,0,Braselton DC,89691,0.747,R
PB-MIRROR-16,Chicago,Arched Wall Mirror,Pottery Barn,Decor,399,651,33,42,74.8,8.7,OK,11.5,STEADY,-7.4,0.8,baseline,"Surge score 12, steady",No action needed,522,0,Olive Branch DC,89918,0.749,R
PB-MIRROR-16,Dallas,Arched Wall Mirror,Pottery Barn,Decor,399,470,3,42,59.5,7.9,OK,10.3,STEADY,-9.4,-1.9,baseline,"Surge score 10, steady",No action needed,474,1,Dallas DC,91207,0.76,R
PB-MIRROR-16,Denver,Arched Wall Mirror,Pottery Barn,Decor,399,938,0,42,96.7,9.7,OK,11.6,STEADY,-7.2,0.9,baseline,"Surge score 12, steady",No action needed,582,0,Denver Hub,106878,0.891,R
PB-MIRROR-16,Houston,Arched Wall Mirror,Pottery Barn,Decor,399,522,96,42,85.6,6.1,OK,11.1,STEADY,-8.9,0.2,baseline,"Surge score 11, steady",No action needed,366,0,Dallas DC,64813,0.54,R
PB-MIRROR-16,Los Angeles,Arched Wall Mirror,Pottery Barn,Decor,399,175,0,42,21.6,8.1,STOCKOUT_RISK,9.0,STEADY,-10.9,-4.5,baseline,"Surge score 9, steady",No action needed,486,311,City of Industry DC,95821,0.799,R
PB-MIRROR-16,Miami,Arched Wall Mirror,Pottery Barn,Decor,399,394,0,42,69.1,5.7,OK,10.5,STEADY,-8.6,-1.4,baseline,"Surge score 10, steady",No action needed,342,0,Pompano Beach Hub,62462,0.521,R
PB-MIRROR-16,New York,Arched Wall Mirror,Pottery Barn,Decor,399,520,135,42,55.9,9.3,OK,11.5,STEADY,-7.3,-0.7,baseline,"Surge score 12, steady",No action needed,558,0,South Brunswick DC,100022,0.834,R
PB-MIRROR-16,Phoenix,Arched Wall Mirror,Pottery Barn,Decor,399,238,2,42,29.8,8.0,STOCKOUT_RISK,10.5,STEADY,-8.2,-0.3,baseline,"Surge score 10, steady",No action needed,480,240,Litchfield Park DC,89610,0.747,R
PB-MIRROR-16,San Francisco,Arched Wall Mirror,Pottery Barn,Decor,399,418,10,42,38.0,11.0,STOCKOUT_RISK,9.8,STEADY,-10.1,-0.4,baseline,"Surge score 10, steady",No action needed,660,232,Tracy DC,125105,1.0,R
PB-MIRROR-16,Seattle,Arched Wall Mirror,Pottery Barn,Decor,399,905,0,42,96.3,9.4,OK,10.0,STEADY,-8.2,1.1,baseline,"Surge score 10, steady",No action needed,564,0,Tracy DC,109389,0.912,R
PB-PATIO-24,Atlanta,Teak Patio Set,Pottery Barn,Outdoor,2499,244,56,84,81.3,3.0,STOCKOUT_RISK,13.8,STEADY,-4.1,-0.6,baseline,"Surge score 14, steady",No action needed,180,0,Braselton DC,89691,0.747,R
PB-PATIO-24,Chicago,Teak Patio Set,Pottery Barn,Outdoor,2499,183,52,84,61.0,3.0,STOCKOUT_RISK,14.5,STEADY,-1.7,-1.0,baseline,"Surge score 14, steady",No action needed,180,0,Olive Branch DC,89918,0.749,R
PB-PATIO-24,Dallas,Teak Patio Set,Pottery Barn,Outdoor,2499,245,56,84,81.7,3.0,STOCKOUT_RISK,11.6,STEADY,-8.1,-2.8,baseline,"Surge score 12, steady",No action needed,180,0,Dallas DC,91207,0.76,R
PB-PATIO-24,Denver,Teak Patio Set,Pottery Barn,Outdoor,2499,354,51,84,95.7,3.7,STOCKOUT_RISK,13.4,STEADY,-6.4,0.0,baseline,"Surge score 13, steady",No action needed,222,0,Denver Hub,106878,0.891,R
PB-PATIO-24,Houston,Teak Patio Set,Pottery Barn,Outdoor,2499,116,0,84,58.0,2.0,STOCKOUT_RISK,11.0,STEADY,-7.1,-5.3,baseline,"Surge score 11, steady",No action needed,120,4,Dallas DC,64813,0.54,R
PB-PATIO-24,Los Angeles,Teak Patio Set,Pottery Barn,Outdoor,2499,158,2,84,46.5,3.4,STOCKOUT_RISK,14.3,STEADY,-4.2,1.4,baseline,"Surge score 14, steady",No action needed,204,44,City of Industry DC,95821,0.799,R
PB-PATIO-24,Miami,Teak Patio Set,Pottery Barn,Outdoor,2499,134,19,84,67.0,2.0,STOCKOUT_RISK,10.8,FADING,-10.0,-10.0,demand_decline,Sales velocity 0% (7d),Review inventory position,120,0,Pompano Beach Hub,62462,0.521,R
PB-PATIO-24,New York,Teak Patio Set,Pottery Barn,Outdoor,2499,266,34,84,78.2,3.4,STOCKOUT_RISK,13.4,STEADY,-5.5,-2.1,baseline,"Surge score 13, steady",No action needed,204,0,South Brunswick DC,100022,0.834,R
PB-PATIO-24,Phoenix,Teak Patio Set,Pottery Barn,Outdoor,2499,90,43,84,30.0,3.0,STOCKOUT_RISK,12.0,STEADY,-9.1,-4.0,baseline,"Surge score 12, steady",No action needed,180,47,Litchfield Park DC,89610,0.747,R
PB-PATIO-24,San Francisco,Teak Patio Set,Pottery Barn,Outdoor,2499,407,69,84,92.5,4.4,STOCKOUT_RISK,13.0,STEADY,-8.6,-1.3,baseline,"Surge score 13, steady",No action needed,264,0,Tracy DC,125105,1.0,R
PB-PATIO-24,Seattle,Teak Patio Set,Pottery Barn,Outdoor,2499,166,26,84,41.5,4.0,STOCKOUT_RISK,15.7,STEADY,-3.7,1.8,baseline,"Surge score 16, steady",No action needed,240,48,Tracy DC,109389,0.912,R
PB-PILLOW-71,Atlanta,"Decorative Pillow, Sage",Pottery Barn,Decor,65,111,9,56,27.1,4.1,OVERSTOCK_RISK,10.0,FADING,-9.6,0.9,google_trends,Search declining 23% over 8 weeks,Pause replenishment; evaluate 15% markdown,245,125,Braselton DC,89691,0.747,B
PB-PILLOW-71,Chicago,"Decorative Pillow, Sage",Pottery Barn,Decor,65,224,0,56,54.6,4.1,OVERSTOCK_RISK,9.9,FADING,-9.3,1.4,google_trends,Search declining 23% over 8 weeks,Pause replenishment; evaluate 15% markdown,245,21,Olive Branch DC,89918,0.749,B
PB-PILLOW-71,Dallas,"Decorative Pillow, Sage",Pottery Barn,Decor,65,185,31,56,42.0,4.4,OVERSTOCK_RISK,11.7,FADING,-5.1,1.8,google_trends,Search declining 23% over 8 weeks,Pause replenishment; evaluate 15% markdown,264,48,Dallas DC,91207,0.76,B
PB-PILLOW-71,Denver,"Decorative Pillow, Sage",Pottery Barn,Decor,65,221,67,56,45.1,4.9,OVERSTOCK_RISK,9.3,FADING,-11.8,0.9,google_trends,Search declining 23% over 8 weeks,Pause replenishment; evaluate 15% markdown,294,6,Denver Hub,106878,0.891,B
PB-PILLOW-71,Houston,"Decorative Pillow, Sage",Pottery Barn,Decor,65,81,27,56,22.5,3.6,OVERSTOCK_RISK,12.2,FADING,-4.9,3.0,google_trends,Search declining 23% over 8 weeks,Pause replenishment; evaluate 15% markdown,216,108,Dallas DC,64813,0.54,B
PB-PILLOW-71,Los Angeles,"Decorative Pillow, Sage",Pottery Barn,Decor,65,314,76,56,64.1,4.9,OVERSTOCK_RISK,11.1,FADING,-8.2,0.5,google_trends,Search declining 23% over 8 weeks,Pause replenishment; evaluate 15% markdown,294,0,City of Industry DC,95821,0.799,B
PB-PILLOW-71,Miami,"Decorative Pillow, Sage",Pottery Barn,Decor,65,155,19,56,41.9,3.7,OVERSTOCK_RISK,10.8,FADING,-7.4,0.2,google_trends,Search declining 23% over 8 weeks,Pause replenishment; evaluate 15% markdown,222,48,Pompano Beach Hub,62462,0.521,B
PB-PILLOW-71,New York,"Decorative Pillow, Sage",Pottery Barn,Decor,65,117,0,56,24.9,4.7,OVERSTOCK_RISK,11.2,FADING,-6.9,2.5,google_trends,Search declining 23% over 8 weeks,Pause replenishment; evaluate 15% markdown,282,165,South Brunswick DC,100022,0.834,B
PB-PILLOW-71,Phoenix,"Decorative Pillow, Sage",Pottery Barn,Decor,65,217,49,56,52.9,4.1,OVERSTOCK_RISK,9.8,FADING,-8.6,1.5,google_trends,Search declining 23% over 8 weeks,Pause replenishment; evaluate 15% markdown,245,0,Litchfield Park DC,89610,0.747,B
PB-PILLOW-71,San Francisco,"Decorative Pillow, Sage",Pottery Barn,Decor,65,413,0,56,76.5,5.4,OVERSTOCK_RISK,10.1,FADING,-8.1,-0.6,google_trends,Search declining 23% over 8 weeks,Pause replenishment; evaluate 15% markdown,324,0,Tracy DC,125105,1.0,B
PB-PILLOW-71,Seattle,"Decorative Pillow, Sage",Pottery Barn,Decor,65,448,0,56,84.5,5.3,OVERSTOCK_RISK,11.5,FADING,-6.4,1.1,google_trends,Search declining 23% over 8 weeks,Pause replenishment; evaluate 15% markdown,318,0,Tracy DC,109389,0.912,B
PB-QUILT-26,Atlanta,Handstitched Quilt,Pottery Barn,Bedding,199,962,305,42,61.7,15.6,OK,9.5,STEADY,-10.5,-2.9,baseline,"Surge score 10, steady",No action needed,936,0,Braselton DC,89691,0.747,R
PB-QUILT-26,Chicago,Handstitched Quilt,Pottery Barn,Bedding,199,1603,229,42,97.7,16.4,OK,11.3,STEADY,-7.9,-0.2,baseline,"Surge score 11, steady",No action needed,983,0,Olive Branch DC,89918,0.749,R
PB-QUILT-26,Dallas,Handstitched Quilt,Pottery Barn,Bedding,199,1308,88,42,79.8,16.4,OK,10.2,STEADY,-10.3,-1.8,baseline,"Surge score 10, steady",No action needed,983,0,Dallas DC,91207,0.76,R
PB-QUILT-26,Denver,Handstitched Quilt,Pottery Barn,Bedding,199,770,363,42,41.4,18.6,STOCKOUT_RISK,8.9,STEADY,-11.2,-1.3,baseline,"Surge score 9, steady",No action needed,1116,0,Denver Hub,106878,0.891,R
PB-QUILT-26,Houston,Handstitched Quilt,Pottery Barn,Bedding,199,825,204,42,60.2,13.7,OK,10.4,STEADY,-8.8,-2.2,baseline,"Surge score 10, steady",No action needed,822,0,Dallas DC,64813,0.54,R
PB-QUILT-26,Los Angeles,Handstitched Quilt,Pottery Barn,Bedding,199,806,186,42,49.1,16.4,STOCKOUT_RISK,10.1,STEADY,-9.2,-0.8,baseline,"Surge score 10, steady",No action needed,983,0,City of Industry DC,95821,0.799,R
PB-QUILT-26,Miami,Handstitched Quilt,Pottery Barn,Bedding,199,295,260,42,23.4,12.6,STOCKOUT_RISK,9.0,STEADY,-10.5,-2.1,baseline,"Surge score 9, steady",No action needed,756,201,Pompano Beach Hub,62462,0.521,R
PB-QUILT-26,New York,Handstitched Quilt,Pottery Barn,Bedding,199,1605,0,42,89.7,17.9,OK,10.7,STEADY,-8.4,-2.3,baseline,"Surge score 11, steady",No action needed,1074,0,South Brunswick DC,100022,0.834,R
PB-QUILT-26,Phoenix,Handstitched Quilt,Pottery Barn,Bedding,199,409,179,42,24.5,16.7,STOCKOUT_RISK,11.1,STEADY,-8.4,-0.7,baseline,"Surge score 11, steady",No action needed,1002,414,Litchfield Park DC,89610,0.747,R
PB-QUILT-26,San Francisco,Handstitched Quilt,Pottery Barn,Bedding,199,854,271,42,40.1,21.3,STOCKOUT_RISK,10.8,STEADY,-9.3,-0.6,baseline,"Surge score 11, steady",No action needed,1278,153,Tracy DC,125105,1.0,R
PB-QUILT-26,Seattle,Handstitched Quilt,Pottery Barn,Bedding,199,707,185,42,36.6,19.3,STOCKOUT_RISK,10.3,STEADY,-9.3,-0.8,baseline,"Surge score 10, steady",No action needed,1158,266,Tracy DC,109389,0.912,R
PB-SOFA-88,Atlanta,"Sectional Sofa, Ivory",Pottery Barn,Furniture,3499,246,19,84,36.7,6.7,STOCKOUT_RISK,11.5,STEADY,-7.8,-1.3,baseline,"Surge score 12, steady",No action needed,402,137,Braselton DC,89691,0.747,F
PB-SOFA-88,Chicago,"Sectional Sofa, Ivory",Pottery Barn,Furniture,3499,619,49,84,89.7,6.9,STOCKOUT_RISK,11.4,STEADY,-8.0,-1.3,baseline,"Surge score 11, steady",No action needed,414,0,Olive Branch DC,89918,0.749,F
PB-SOFA-88,Dallas,"Sectional Sofa, Ivory",Pottery Barn,Furniture,3499,149,66,84,21.0,7.1,STOCKOUT_RISK,13.3,STEADY,-4.9,1.0,baseline,"Surge score 13, steady",No action needed,426,211,Dallas DC,91207,0.76,F
PB-SOFA-88,Denver,"Sectional Sofa, Ivory",Pottery Barn,Furniture,3499,396,1,84,47.7,8.3,STOCKOUT_RISK,16.5,STEADY,-7.4,0.6,baseline,"Surge score 16, steady",No action needed,498,101,Denver Hub,106878,0.891,F
PB-SOFA-88,Houston,"Sectional Sofa, Ivory",Pottery Barn,Furniture,3499,320,0,84,60.4,5.3,STOCKOUT_RISK,12.7,STEADY,-5.9,-0.4,baseline,"Surge score 13, steady",No action needed,318,0,Dallas DC,64813,0.54,F
PB-SOFA-88,Los Angeles,"Sectional Sofa, Ivory",Pottery Barn,Furniture,3499,369,85,84,47.9,7.7,STOCKOUT_RISK,12.7,STEADY,-5.9,-1.1,baseline,"Surge score 13, steady",No action needed,462,8,City of Industry DC,95821,0.799,F
PB-SOFA-88,Miami,"Sectional Sofa, Ivory",Pottery Barn,Furniture,3499,104,6,84,21.2,4.9,STOCKOUT_RISK,12.8,STEADY,-5.6,0.2,baseline,"Surge score 13, steady",No action needed,294,184,Pompano Beach Hub,62462,0.521,F
PB-SOFA-88,New York,"Sectional Sofa, Ivory",Pottery Barn,Furniture,3499,345,0,84,43.7,7.9,STOCKOUT_RISK,12.2,STEADY,-6.9,-0.9,baseline,"Surge score 12, steady",No action needed,474,129,South Brunswick DC,100022,0.834,F
PB-SOFA-88,Phoenix,"Sectional Sofa, Ivory",Pottery Barn,Furniture,3499,357,0,84,51.7,6.9,WATCH,13.4,SURGING,-8.1,-1.8,multi_signal,Search +42% AND permits +28% MoM,Increase reorder quantity by 35%,414,57,Litchfield Park DC,89610,0.747,F
PB-SOFA-88,San Francisco,"Sectional Sofa, Ivory",Pottery Barn,Furniture,3499,424,182,84,38.9,10.9,STOCKOUT_RISK,15.4,STEADY,-2.7,2.0,baseline,"Surge score 15, steady",No action needed,654,48,Tracy DC,125105,1.0,F
PB-SOFA-88,Seattle,"Sectional Sofa, Ivory",Pottery Barn,Furniture,3499,592,0,84,66.5,8.9,STOCKOUT_RISK,12.8,STEADY,-6.2,0.2,baseline,"Surge score 13, steady",No action needed,534,0,Tracy DC,109389,0.912,F
PBK-BUNK-22,Atlanta,"Bunk Bed, White",Pottery Barn Kids,Furniture,1299,10,0,56,100.0,0.1,OVERSTOCK_RISK,11.5,FADING,-6.4,0.1,sales_collapse,Sales dropped 85% in 3 weeks,Halt replenishment; investigate root cause,6,0,Braselton DC,89691,0.747,H
PBK-BUNK-22,Chicago,"Bunk Bed, White",Pottery Barn Kids,Furniture,1299,10,0,56,100.0,0.1,OVERSTOCK_RISK,11.4,FADING,-6.5,0.0,sales_collapse,Sales dropped 85% in 3 weeks,Halt replenishment; investigate root cause,6,0,Olive Branch DC,89918,0.749,H
PBK-BUNK-22,Dallas,"Bunk Bed, White",Pottery Barn Kids,Furniture,1299,10,0,56,100.0,0.1,OVERSTOCK_RISK,11.4,FADING,-6.5,-0.1,sales_collapse,Sales dropped 85% in 3 weeks,Halt replenishment; investigate root cause,6,0,Dallas DC,91207,0.76,H
PBK-BUNK-22,Denver,"Bunk Bed, White",Pottery Barn Kids,Furniture,1299,10,0,56,100.0,0.1,OVERSTOCK_RISK,11.4,FADING,-6.5,0.0,sales_collapse,Sales dropped 85% in 3 weeks,Halt replenishment; investigate root cause,6,0,Denver Hub,106878,0.891,H
PBK-BUNK-22,Houston,"Bunk Bed, White",Pottery Barn Kids,Furniture,1299,10,0,56,100.0,0.1,OVERSTOCK_RISK,11.4,FADING,-6.5,0.0,sales_collapse,Sales dropped 85% in 3 weeks,Halt replenishment; investigate root cause,6,0,Dallas DC,64813,0.54,H
PBK-BUNK-22,Los Angeles,"Bunk Bed, White",Pottery Barn Kids,Furniture,1299,10,0,56,100.0,0.1,OVERSTOCK_RISK,11.5,FADING,-6.5,0.1,sales_collapse,Sales dropped 85% in 3 weeks,Halt replenishment; investigate root cause,6,0,City of Industry DC,95821,0.799,H
PBK-BUNK-22,Miami,"Bunk Bed, White",Pottery Barn Kids,Furniture,1299,10,0,56,100.0,0.1,OVERSTOCK_RISK,11.5,FADING,-6.4,0.1,sales_collapse,Sales dropped 85% in 3 weeks,Halt replenishment; investigate root cause,6,0,Pompano Beach Hub,62462,0.521,H
PBK-BUNK-22,New York,"Bunk Bed, White",Pottery Barn Kids,Furniture,1299,10,0,56,100.0,0.1,OVERSTOCK_RISK,11.4,FADING,-6.5,0.0,sales_collapse,Sales dropped 85% in 3 weeks,Halt replenishment; investigate root cause,6,0,South Brunswick DC,100022,0.834,H
PBK-BUNK-22,Phoenix,"Bunk Bed, White",Pottery Barn Kids,Furniture,1299,10,0,56,100.0,0.1,OVERSTOCK_RISK,11.4,FADING,-6.6,0.0,sales_collapse,Sales dropped 85% in 3 weeks,Halt replenishment; investigate root cause,6,0,Litchfield Park DC,89610,0.747,H
PBK-BUNK-22,San Francisco,"Bunk Bed, White",Pottery Barn Kids,Furniture,1299,10,0,56,100.0,0.1,OVERSTOCK_RISK,11.5,FADING,-6.5,0.1,sales_collapse,Sales dropped 85% in 3 weeks,Halt replenishment; investigate root cause,6,0,Tracy DC,125105,1.0,H
PBK-BUNK-22,Seattle,"Bunk Bed, White",Pottery Barn Kids,Furniture,1299,10,0,56,100.0,0.1,OVERSTOCK_RISK,11.4,FADING,-6.5,0.0,sales_collapse,Sales dropped 85% in 3 weeks,Halt replenishment; investigate root cause,6,0,Tracy DC,109389,0.912,H
PBK-CRIB-48,Atlanta,"Convertible Crib, Natural",Pottery Barn Kids,Furniture,799,162,0,49,34.5,4.7,STOCKOUT_RISK,10.7,STEADY,-7.8,-0.5,baseline,"Surge score 11, steady",No action needed,282,120,Braselton DC,89691,0.747,R
PBK-CRIB-48,Chicago,"Convertible Crib, Natural",Pottery Barn Kids,Furniture,799,154,19,49,33.5,4.6,STOCKOUT_RISK,11.4,STEADY,-7.4,0.4,baseline,"Surge score 11, steady",No action needed,276,103,Olive Branch DC,89918,0.749,R
PBK-CRIB-48,Dallas,"Convertible Crib, Natural",Pottery Barn Kids,Furniture,799,381,0,49,81.1,4.7,OK,11.9,STEADY,-6.1,2.0,baseline,"Surge score 12, steady",No action needed,282,0,Dallas DC,91207,0.76,R
PBK-CRIB-48,Denver,"Convertible Crib, Natural",Pottery Barn Kids,Furniture,799,438,0,49,81.1,5.4,OK,11.8,STEADY,-5.7,1.0,baseline,"Surge score 12, steady",No action needed,324,0,Denver Hub,106878,0.891,R
PBK-CRIB-48,Houston,"Convertible Crib, Natural",Pottery Barn Kids,Furniture,799,143,3,49,39.7,3.6,STOCKOUT_RISK,12.8,STEADY,-5.7,0.7,baseline,"Surge score 13, steady",No action needed,216,70,Dallas DC,64813,0.54,R
PBK-CRIB-48,Los Angeles,"Convertible Crib, Natural",Pottery Barn Kids,Furniture,799,316,47,49,63.2,5.0,OK,11.2,STEADY,-7.6,0.3,baseline,"Surge score 11, steady",No action needed,300,0,City of Industry DC,95821,0.799,R
PBK-CRIB-48,Miami,"Convertible Crib, Natural",Pottery Barn Kids,Furniture,799,120,47,49,38.7,3.1,STOCKOUT_RISK,11.3,STEADY,-5.6,-0.8,baseline,"Surge score 11, steady",No action needed,186,19,Pompano Beach Hub,62462,0.521,R
PBK-CRIB-48,New York,"Convertible Crib, Natural",Pottery Barn Kids,Furniture,799,518,61,49,97.7,5.3,OK,11.2,STEADY,-7.3,-0.3,baseline,"Surge score 11, steady",No action needed,318,0,South Brunswick DC,100022,0.834,R
PBK-CRIB-48,Phoenix,"Convertible Crib, Natural",Pottery Barn Kids,Furniture,799,166,0,49,33.9,4.9,STOCKOUT_RISK,11.8,STEADY,-6.4,2.5,baseline,"Surge score 12, steady",No action needed,294,128,Litchfield Park DC,89610,0.747,R
PBK-CRIB-48,San Francisco,"Convertible Crib, Natural",Pottery Barn Kids,Furniture,799,625,0,49,97.7,6.4,OK,10.4,STEADY,-7.4,-1.9,baseline,"Surge score 10, steady",No action needed,384,0,Tracy DC,125105,1.0,R
PBK-CRIB-48,Seattle,"Convertible Crib, Natural",Pottery Barn Kids,Furniture,799,265,60,49,49.1,5.4,STOCKOUT_RISK,10.3,STEADY,-7.8,-1.1,baseline,"Surge score 10, steady",No action needed,324,0,Tracy DC,109389,0.912,R
RJ-PENDANT-11,Atlanta,"Industrial Pendant, Black",Rejuvenation,Lighting,329,114,23,42,24.8,4.6,STOCKOUT_RISK,9.0,STEADY,-12.0,-1.8,baseline,"Surge score 9, steady",No action needed,276,139,Braselton DC,89691,0.747,I
RJ-PENDANT-11,Chicago,"Industrial Pendant, Black",Rejuvenation,Lighting,329,399,0,42,84.9,4.7,OK,10.0,STEADY,-9.6,0.1,baseline,"Surge score 10, steady",No action needed,282,0,Olive Branch DC,89918,0.749,I
RJ-PENDANT-11,Dallas,"Industrial Pendant, Black",Rejuvenation,Lighting,329,165,0,42,33.7,4.9,STOCKOUT_RISK,10.2,STEADY,-9.9,-2.3,baseline,"Surge score 10, steady",No action needed,294,129,Dallas DC,91207,0.76,I
RJ-PENDANT-11,Denver,"Industrial Pendant, Black",Rejuvenation,Lighting,329,548,87,42,96.1,5.7,OK,10.0,STEADY,-9.0,-1.1,baseline,"Surge score 10, steady",No action needed,342,0,Denver Hub,106878,0.891,I
RJ-PENDANT-11,Houston,"Industrial Pendant, Black",Rejuvenation,Lighting,329,102,0,42,30.9,3.3,STOCKOUT_RISK,10.2,STEADY,-8.3,-2.1,baseline,"Surge score 10, steady",No action needed,198,96,Dallas DC,64813,0.54,I
RJ-PENDANT-11,Los Angeles,"Industrial Pendant, Black",Rejuvenation,Lighting,329,250,13,42,49.0,5.1,STOCKOUT_RISK,11.0,STEADY,-9.1,0.3,baseline,"Surge score 11, steady",No action needed,306,43,City of Industry DC,95821,0.799,I
RJ-PENDANT-11,Miami,"Industrial Pendant, Black",Rejuvenation,Lighting,329,115,28,42,33.8,3.4,STOCKOUT_RISK,11.7,STEADY,-7.6,-0.6,baseline,"Surge score 12, steady",No action needed,204,61,Pompano Beach Hub,62462,0.521,I
RJ-PENDANT-11,New York,"Industrial Pendant, Black",Rejuvenation,Lighting,329,492,8,42,91.1,5.4,OK,11.1,STEADY,-8.8,0.6,baseline,"Surge score 11, steady",No action needed,324,0,South Brunswick DC,100022,0.834,I
RJ-PENDANT-11,Phoenix,"Industrial Pendant, Black",Rejuvenation,Lighting,329,273,1,42,54.6,5.0,OK,11.6,STEADY,-6.4,1.1,baseline,"Surge score 12, steady",No action needed,300,26,Litchfield Park DC,89610,0.747,I
RJ-PENDANT-11,San Francisco,"Industrial Pendant, Black",Rejuvenation,Lighting,329,516,5,42,78.2,6.6,OK,9.8,STEADY,-10.0,-3.1,baseline,"Surge score 10, steady",No action needed,396,0,Tracy DC,125105,1.0,I
RJ-PENDANT-11,Seattle,"Industrial Pendant, Black",Rejuvenation,Lighting,329,442,34,42,77.5,5.7,OK,9.7,STEADY,-11.1,-1.9,baseline,"Surge score 10, steady",No action needed,342,0,Tracy DC,109389,0.912,I
RJ-VANITY-50,Atlanta,Bathroom Vanity Light,Rejuvenation,Lighting,219,319,78,35,46.2,6.9,OK,11.5,STEADY,-8.2,0.0,baseline,"Surge score 12, steady",No action needed,414,17,Braselton DC,89691,0.747,R
RJ-VANITY-50,Chicago,Bathroom Vanity Light,Rejuvenation,Lighting,219,515,21,35,76.9,6.7,OK,11.7,STEADY,-6.2,-0.2,baseline,"Surge score 12, steady",No action needed,402,0,Olive Branch DC,89918,0.749,R
RJ-VANITY-50,Dallas,Bathroom Vanity Light,Rejuvenation,Lighting,219,562,122,35,81.4,6.9,OK,9.8,STEADY,-11.0,-2.3,baseline,"Surge score 10, steady",No action needed,414,0,Dallas DC,91207,0.76,R
RJ-VANITY-50,Denver,Bathroom Vanity Light,Rejuvenation,Lighting,219,237,0,35,27.6,8.6,STOCKOUT_RISK,12.0,STEADY,-7.2,0.0,baseline,"Surge score 12, steady",No action needed,516,279,Denver Hub,106878,0.891,R
RJ-VANITY-50,Houston,Bathroom Vanity Light,Rejuvenation,Lighting,219,205,0,35,38.7,5.3,STOCKOUT_RISK,9.5,STEADY,-9.8,-2.7,baseline,"Surge score 10, steady",No action needed,318,113,Dallas DC,64813,0.54,R
RJ-VANITY-50,Los Angeles,Bathroom Vanity Light,Rejuvenation,Lighting,219,179,0,35,24.5,7.3,STOCKOUT_RISK,10.1,STEADY,-10.5,-1.5,baseline,"Surge score 10, steady",No action needed,438,259,City of Industry DC,95821,0.799,R
RJ-VANITY-50,Miami,Bathroom Vanity Light,Rejuvenation,Lighting,219,195,106,35,34.8,5.6,STOCKOUT_RISK,11.4,STEADY,-7.7,-0.8,baseline,"Surge score 11, steady",No action needed,336,35,Pompano Beach Hub,62462,0.521,R
RJ-VANITY-50,New York,Bathroom Vanity Light,Rejuvenation,Lighting,219,645,5,35,90.8,7.1,OVERSTOCK_RISK,9.9,STEADY,-9.6,-2.4,baseline,"Surge score 10, steady",No action needed,426,0,South Brunswick DC,100022,0.834,R
RJ-VANITY-50,Phoenix,Bathroom Vanity Light,Rejuvenation,Lighting,219,431,97,35,62.5,6.9,OK,11.5,STEADY,-7.7,-1.0,baseline,"Surge score 12, steady",No action needed,414,0,Litchfield Park DC,89610,0.747,R
RJ-VANITY-50,San Francisco,Bathroom Vanity Light,Rejuvenation,Lighting,219,249,0,35,29.6,8.4,STOCKOUT_RISK,9.9,STEADY,-10.9,-1.6,baseline,"Surge score 10, steady",No action needed,504,255,Tracy DC,125105,1.0,R
RJ-VANITY-50,Seattle,Bathroom Vanity Light,Rejuvenation,Lighting,219,797,54,35,96.0,8.3,OVERSTOCK_RISK,10.3,STEADY,-9.1,-2.1,baseline,"Surge score 10, steady",No action needed,498,0,Tracy DC,109389,0.912,R
WE-ART-32,Atlanta,Gallery Art Print,West Elm,Decor,149,2115,209,28,79.5,26.6,OVERSTOCK_RISK,12.9,STEADY,-7.1,-0.6,baseline,"Surge score 13, steady",No action needed,1596,0,Braselton DC,89691,0.747,R
WE-ART-32,Chicago,Gallery Art Print,West Elm,Decor,149,2531,490,28,93.7,27.0,OVERSTOCK_RISK,11.9,STEADY,-8.5,-1.5,baseline,"Surge score 12, steady",No action needed,1620,0,Olive Branch DC,89918,0.749,R
WE-ART-32,Dallas,Gallery Art Print,West Elm,Decor,149,2265,229,28,80.0,28.3,OVERSTOCK_RISK,11.9,STEADY,-10.0,-3.1,baseline,"Surge score 12, steady",No action needed,1698,0,Dallas DC,91207,0.76,R
WE-ART-32,Denver,Gallery Art Print,West Elm,Decor,149,1820,664,28,55.8,32.6,OK,10.6,STEADY,-11.8,-5.1,baseline,"Surge score 11, steady",No action needed,1956,0,Denver Hub,106878,0.891,R
WE-ART-32,Houston,Gallery Art Print,West Elm,Decor,149,1731,160,28,74.3,23.3,OVERSTOCK_RISK,11.6,STEADY,-10.8,-2.6,baseline,"Surge score 12, steady",No action needed,1398,0,Dallas DC,64813,0.54,R
WE-ART-32,Los Angeles,Gallery Art Print,West Elm,Decor,149,1099,222,28,38.8,28.3,OK,12.2,STEADY,-8.0,-1.3,baseline,"Surge score 12, steady",No action needed,1698,377,City of Industry DC,95821,0.799,R
WE-ART-32,Miami,Gallery Art Print,West Elm,Decor,149,806,90,28,36.1,22.3,OK,11.4,STEADY,-10.6,-2.0,baseline,"Surge score 11, steady",No action needed,1338,442,Pompano Beach Hub,62462,0.521,R
WE-ART-32,New York,Gallery Art Print,West Elm,Decor,149,2792,0,28,90.4,30.9,OVERSTOCK_RISK,11.6,STEADY,-10.7,-2.4,baseline,"Surge score 12, steady",No action needed,1854,0,South Brunswick DC,100022,0.834,R
WE-ART-32,Phoenix,Gallery Art Print,West Elm,Decor,149,1075,37,28,40.3,26.7,OK,11.6,STEADY,-9.5,-0.6,baseline,"Surge score 12, steady",No action needed,1602,490,Litchfield Park DC,89610,0.747,R
WE-ART-32,San Francisco,Gallery Art Print,West Elm,Decor,149,2987,0,28,86.1,34.7,OVERSTOCK_RISK,12.8,STEADY,-7.9,-2.8,baseline,"Surge score 13, steady",No action needed,2082,0,Tracy DC,125105,1.0,R
WE-ART-32,Seattle,Gallery Art Print,West Elm,Decor,149,2333,91,28,69.4,33.6,OK,12.2,STEADY,-9.2,-0.8,baseline,"Surge score 12, steady",No action needed,2016,0,Tracy DC,109389,0.912,R
WE-BENCH-36,Atlanta,Entryway Storage Bench,West Elm,Furniture,599,257,71,49,64.2,4.0,OK,7.5,STEADY,-12.8,-4.9,baseline,"Surge score 8, steady",No action needed,240,0,Braselton DC,89691,0.747,R
WE-BENCH-36,Chicago,Entryway Storage Bench,West Elm,Furniture,599,165,70,49,38.4,4.3,STOCKOUT_RISK,9.1,STEADY,-6.1,-3.7,baseline,"Surge score 9, steady",No action needed,258,23,Olive Branch DC,89918,0.749,R
WE-BENCH-36,Dallas,Entryway Storage Bench,West Elm,Furniture,599,444,26,49,94.5,4.7,OK,14.7,STEADY,-4.8,3.2,baseline,"Surge score 15, steady",No action needed,282,0,Dallas DC,91207,0.76,R
WE-BENCH-36,Denver,Entryway Storage Bench,West Elm,Furniture,599,167,0,49,28.3,5.9,STOCKOUT_RISK,12.1,STEADY,-6.8,3.0,baseline,"Surge score 12, steady",No action needed,354,187,Denver Hub,106878,0.891,R
WE-BENCH-36,Houston,Entryway Storage Bench,West Elm,Furniture,599,263,49,49,71.1,3.7,OK,14.9,STEADY,-0.4,3.7,baseline,"Surge score 15, steady",No action needed,222,0,Dallas DC,64813,0.54,R
WE-BENCH-36,Los Angeles,Entryway Storage Bench,West Elm,Furniture,599,193,66,49,44.9,4.3,STOCKOUT_RISK,9.6,STEADY,-8.1,0.1,baseline,"Surge score 10, steady",No action needed,258,0,City of Industry DC,95821,0.799,R
WE-BENCH-36,Miami,Entryway Storage Bench,West Elm,Furniture,599,110,51,49,37.9,2.9,STOCKOUT_RISK,10.3,STEADY,-8.3,0.6,baseline,"Surge score 10, steady",No action needed,174,13,Pompano Beach Hub,62462,0.521,R
WE-BENCH-36,New York,Entryway Storage Bench,West Elm,Furniture,599,429,30,49,76.6,5.6,OK,12.1,STEADY,-7.6,-0.9,baseline,"Surge score 12, steady",No action needed,336,0,South Brunswick DC,100022,0.834,R
WE-BENCH-36,Phoenix,Entryway Storage Bench,West Elm,Furniture,599,187,23,49,37.4,5.0,STOCKOUT_RISK,16.3,STEADY,2.7,7.6,baseline,"Surge score 16, steady",No action needed,300,90,Litchfield Park DC,89610,0.747,R
WE-BENCH-36,San Francisco,Entryway Storage Bench,West Elm,Furniture,599,295,144,49,42.8,6.9,STOCKOUT_RISK,12.1,STEADY,-6.4,-0.8,baseline,"Surge score 12, steady",No action needed,414,0,Tracy DC,125105,1.0,R
WE-BENCH-36,Seattle,Entryway Storage Bench,West Elm,Furniture,599,232,16,49,41.4,5.6,STOCKOUT_RISK,12.1,STEADY,-4.0,1.1,baseline,"Surge score 12, steady",No action needed,336,88,Tracy DC,109389,0.912,R
WE-DESK-30,Atlanta,"Standing Desk, Walnut",West Elm,Furniture,699,354,25,49,60.0,5.9,OK,11.9,STEADY,-5.9,0.0,baseline,"Surge score 12, steady",No action needed,354,0,Braselton DC,89691,0.747,R
WE-DESK-30,Chicago,"Standing Desk, Walnut",West Elm,Furniture,699,436,0,49,82.3,5.3,OK,11.1,STEADY,-5.9,-1.4,baseline,"Surge score 11, steady",No action needed,318,0,Olive Branch DC,89918,0.749,R
WE-DESK-30,Dallas,"Standing Desk, Walnut",West Elm,Furniture,699,414,0,49,76.7,5.4,OK,9.4,STEADY,-9.6,-0.4,baseline,"Surge score 9, steady",No action needed,324,0,Dallas DC,91207,0.76,R
WE-DESK-30,Denver,"Standing Desk, Walnut",West Elm,Furniture,699,359,0,49,53.6,6.7,STOCKOUT_RISK,11.6,STEADY,-7.1,-1.1,baseline,"Surge score 12, steady",No action needed,402,43,Denver Hub,106878,0.891,R
WE-DESK-30,Houston,"Standing Desk, Walnut",West Elm,Furniture,699,289,12,49,72.2,4.0,OK,11.2,STEADY,-6.1,-1.3,baseline,"Surge score 11, steady",No action needed,240,0,Dallas DC,64813,0.54,R
WE-DESK-30,Los Angeles,"Standing Desk, Walnut",West Elm,Furniture,699,226,124,49,37.7,6.0,STOCKOUT_RISK,11.7,STEADY,-4.7,0.6,baseline,"Surge score 12, steady",No action needed,360,10,City of Industry DC,95821,0.799,R
WE-DESK-30,Miami,"Standing Desk, Walnut",West Elm,Furniture,699,263,34,49,67.4,3.9,OK,12.5,STEADY,-5.6,2.2,baseline,"Surge score 12, steady",No action needed,234,0,Pompano Beach Hub,62462,0.521,R
WE-DESK-30,New York,"Standing Desk, Walnut",West Elm,Furniture,699,181,0,49,29.7,6.1,STOCKOUT_RISK,10.7,STEADY,-6.7,0.2,baseline,"Surge score 11, steady",No action needed,366,185,South Brunswick DC,100022,0.834,R
WE-DESK-30,Phoenix,"Standing Desk, Walnut",West Elm,Furniture,699,238,74,49,44.1,5.4,STOCKOUT_RISK,11.5,STEADY,-5.0,2.0,baseline,"Surge score 12, steady",No action needed,324,12,Litchfield Park DC,89610,0.747,R
WE-DESK-30,San Francisco,"Standing Desk, Walnut",West Elm,Furniture,699,789,88,49,97.4,8.1,OK,12.3,STEADY,-6.1,1.7,baseline,"Surge score 12, steady",No action needed,486,0,Tracy DC,125105,1.0,R
WE-DESK-30,Seattle,"Standing Desk, Walnut",West Elm,Furniture,699,386,0,49,55.1,7.0,STOCKOUT_RISK,10.6,STEADY,-7.3,-0.8,baseline,"Surge score 11, steady",No action needed,420,34,Tracy DC,109389,0.912,R
WE-LAMP-19,Atlanta,"Table Lamp, Brass",West Elm,Lighting,179,240,0,42,25.5,9.4,STOCKOUT_RISK,9.8,STEADY,-9.6,-2.0,baseline,"Surge score 10, steady",No action needed,564,324,Braselton DC,89691,0.747,D
WE-LAMP-19,Chicago,"Table Lamp, Brass",West Elm,Lighting,179,934,191,42,89.8,10.4,OK,11.6,STEADY,-7.5,1.1,baseline,"Surge score 12, steady",No action needed,624,0,Olive Branch DC,89918,0.749,D
WE-LAMP-19,Dallas,"Table Lamp, Brass",West Elm,Lighting,179,753,0,42,72.4,10.4,OK,10.5,STEADY,-8.7,-1.9,baseline,"Surge score 10, steady",No action needed,624,0,Dallas DC,91207,0.76,D
WE-LAMP-19,Denver,"Table Lamp, Brass",West Elm,Lighting,179,288,0,42,24.2,11.9,STOCKOUT_RISK,10.0,STEADY,-11.3,-3.4,baseline,"Surge score 10, steady",No action needed,714,426,Denver Hub,106878,0.891,D
WE-LAMP-19,Houston,"Table Lamp, Brass",West Elm,Lighting,179,700,180,42,78.7,8.9,OK,11.8,STEADY,-8.6,-1.8,baseline,"Surge score 12, steady",No action needed,534,0,Dallas DC,64813,0.54,D
WE-LAMP-19,Los Angeles,"Table Lamp, Brass",West Elm,Lighting,179,550,153,42,50.0,11.0,STOCKOUT_RISK,10.3,STEADY,-10.2,-0.5,baseline,"Surge score 10, steady",No action needed,660,0,City of Industry DC,95821,0.799,D
WE-LAMP-19,Miami,"Table Lamp, Brass",West Elm,Lighting,179,392,0,42,44.0,8.9,STOCKOUT_RISK,10.8,STEADY,-8.9,-0.4,baseline,"Surge score 11, steady",No action needed,534,142,Pompano Beach Hub,62462,0.521,D
WE-LAMP-19,New York,"Table Lamp, Brass",West Elm,Lighting,179,374,183,42,33.1,11.3,STOCKOUT_RISK,12.2,STEADY,-5.7,2.8,baseline,"Surge score 12, steady",No action needed,678,121,South Brunswick DC,100022,0.834,D
WE-LAMP-19,Phoenix,"Table Lamp, Brass",West Elm,Lighting,179,353,46,42,35.0,10.1,STOCKOUT_RISK,11.0,STEADY,-7.3,-1.0,baseline,"Surge score 11, steady",No action needed,606,207,Litchfield Park DC,89610,0.747,D
WE-LAMP-19,San Francisco,"Table Lamp, Brass",West Elm,Lighting,179,281,156,42,21.8,12.9,STOCKOUT_RISK,10.8,STEADY,-9.0,-1.4,baseline,"Surge score 11, steady",No action needed,774,337,Tracy DC,125105,1.0,D
WE-LAMP-19,Seattle,"Table Lamp, Brass",West Elm,Lighting,179,905,116,42,73.0,12.4,OK,11.6,STEADY,-6.2,0.2,baseline,"Surge score 12, steady",No action needed,744,0,Tracy DC,109389,0.912,D
WE-PENDANT-34,Atlanta,Sculptural Pendant,West Elm,Lighting,249,447,72,42,36.3,12.3,STOCKOUT_RISK,11.1,STEADY,-11.0,-2.1,baseline,"Surge score 11, steady",No action needed,738,219,Braselton DC,89691,0.747,R
WE-PENDANT-34,Chicago,Sculptural Pendant,West Elm,Lighting,249,1102,174,42,87.5,12.6,OK,11.8,STEADY,-9.0,-1.9,baseline,"Surge score 12, steady",No action needed,756,0,Olive Branch DC,89918,0.749,R
WE-PENDANT-34,Dallas,Sculptural Pendant,West Elm,Lighting,249,383,37,42,29.5,13.0,STOCKOUT_RISK,11.3,STEADY,-11.5,-0.9,baseline,"Surge score 11, steady",No action needed,780,360,Dallas DC,91207,0.76,R
WE-PENDANT-34,Denver,Sculptural Pendant,West Elm,Lighting,249,365,70,42,23.2,15.7,STOCKOUT_RISK,12.0,STEADY,-10.5,-1.7,baseline,"Surge score 12, steady",No action needed,942,507,Denver Hub,106878,0.891,R
WE-PENDANT-34,Houston,Sculptural Pendant,West Elm,Lighting,249,298,205,42,27.9,10.7,STOCKOUT_RISK,11.5,STEADY,-10.2,-2.1,baseline,"Surge score 12, steady",No action needed,642,139,Dallas DC,64813,0.54,R
WE-PENDANT-34,Los Angeles,Sculptural Pendant,West Elm,Lighting,249,450,221,42,33.1,13.6,STOCKOUT_RISK,11.5,STEADY,-10.6,-0.1,baseline,"Surge score 12, steady",No action needed,816,145,City of Industry DC,95821,0.799,R
WE-PENDANT-34,Miami,Sculptural Pendant,West Elm,Lighting,249,368,0,42,33.8,10.9,STOCKOUT_RISK,11.9,STEADY,-9.7,-1.7,baseline,"Surge score 12, steady",No action needed,654,286,Pompano Beach Hub,62462,0.521,R
WE-PENDANT-34,New York,Sculptural Pendant,West Elm,Lighting,249,419,109,42,28.5,14.7,STOCKOUT_RISK,13.3,STEADY,-8.4,0.3,baseline,"Surge score 13, steady",No action needed,882,354,South Brunswick DC,100022,0.834,R
WE-PENDANT-34,Phoenix,Sculptural Pendant,West Elm,Lighting,249,934,100,42,71.3,13.1,OK,12.0,STEADY,-9.6,-1.2,baseline,"Surge score 12, steady",No action needed,786,0,Litchfield Park DC,89610,0.747,R
WE-PENDANT-34,San Francisco,Sculptural Pendant,West Elm,Lighting,249,633,0,42,37.9,16.7,STOCKOUT_RISK,13.0,STEADY,-7.9,0.3,baseline,"Surge score 13, steady",No action needed,1002,369,Tracy DC,125105,1.0,R
WE-PENDANT-34,Seattle,Sculptural Pendant,West Elm,Lighting,249,593,0,42,37.8,15.7,STOCKOUT_RISK,12.4,STEADY,-8.1,-2.8,baseline,"Surge score 12, steady",No action needed,942,349,Tracy DC,109389,0.912,R
WE-RUG-15,Atlanta,"Area Rug, Geometric",West Elm,Decor,299,78,0,42,70.9,1.1,OVERSTOCK_RISK,13.7,FADING,-4.1,2.2,google_trends,Trend peaked 4 months ago; declining,Cancel pending PO; begin markdown,66,0,Braselton DC,89691,0.747,G
WE-RUG-15,Chicago,"Area Rug, Geometric",West Elm,Decor,299,102,15,42,92.7,1.1,OVERSTOCK_RISK,13.6,FADING,-4.3,1.4,google_trends,Trend peaked 4 months ago; declining,Cancel pending PO; begin markdown,66,0,Olive Branch DC,89918,0.749,G
WE-RUG-15,Dallas,"Area Rug, Geometric",West Elm,Decor,299,86,12,42,78.2,1.1,OVERSTOCK_RISK,13.6,FADING,-4.3,2.3,google_trends,Trend peaked 4 months ago; declining,Cancel pending PO; begin markdown,66,0,Dallas DC,91207,0.76,G
WE-RUG-15,Denver,"Area Rug, Geometric",West Elm,Decor,299,47,3,42,42.7,1.1,OVERSTOCK_RISK,6.0,FADING,-19.7,-10.3,google_trends,Trend peaked 4 months ago; declining,Cancel pending PO; begin markdown,66,16,Denver Hub,106878,0.891,G
WE-RUG-15,Houston,"Area Rug, Geometric",West Elm,Decor,299,31,15,42,31.0,1.0,OVERSTOCK_RISK,11.4,FADING,-6.4,0.6,google_trends,Trend peaked 4 months ago; declining,Cancel pending PO; begin markdown,60,14,Dallas DC,64813,0.54,G
WE-RUG-15,Los Angeles,"Area Rug, Geometric",West Elm,Decor,299,100,19,42,76.9,1.3,OVERSTOCK_RISK,16.0,FADING,-1.8,4.8,google_trends,Trend peaked 4 months ago; declining,Cancel pending PO; begin markdown,78,0,City of Industry DC,95821,0.799,G
WE-RUG-15,Miami,"Area Rug, Geometric",West Elm,Decor,299,28,0,42,28.0,1.0,OVERSTOCK_RISK,11.4,FADING,-6.3,0.3,google_trends,Trend peaked 4 months ago; declining,Cancel pending PO; begin markdown,60,32,Pompano Beach Hub,62462,0.521,G
WE-RUG-15,New York,"Area Rug, Geometric",West Elm,Decor,299,106,0,42,96.4,1.1,OVERSTOCK_RISK,7.0,FADING,-19.8,-4.3,google_trends,Trend peaked 4 months ago; declining,Cancel pending PO; begin markdown,66,0,South Brunswick DC,100022,0.834,G
WE-RUG-15,Phoenix,"Area Rug, Geometric",West Elm,Decor,299,66,12,42,60.0,1.1,OVERSTOCK_RISK,13.8,FADING,-3.9,3.3,google_trends,Trend peaked 4 months ago; declining,Cancel pending PO; begin markdown,66,0,Litchfield Park DC,89610,0.747,G
WE-RUG-15,San Francisco,"Area Rug, Geometric",West Elm,Decor,299,71,0,42,41.8,1.7,OVERSTOCK_RISK,11.5,FADING,-9.5,2.1,google_trends,Trend peaked 4 months ago; declining,Cancel pending PO; begin markdown,102,31,Tracy DC,125105,1.0,G
WE-RUG-15,Seattle,"Area Rug, Geometric",West Elm,Decor,299,93,11,42,58.1,1.6,OVERSTOCK_RISK,11.4,FADING,-8.1,-1.3,google_trends,Trend peaked 4 months ago; declining,Cancel pending PO; begin markdown,96,0,Tracy DC,109389,0.912,G
WE-SOFA-28,Atlanta,Mid-Century Sofa,West Elm,Furniture,1799,167,14,70,24.9,6.7,STOCKOUT_RISK,13.9,STEADY,-3.1,2.6,baseline,"Surge score 14, steady",No action needed,402,221,Braselton DC,89691,0.747,R
WE-SOFA-28,Chicago,Mid-Century Sofa,West Elm,Furniture,1799,335,0,70,50.0,6.7,STOCKOUT_RISK,12.1,STEADY,-7.6,-1.2,baseline,"Surge score 12, steady",No action needed,402,67,Olive Branch DC,89918,0.749,R
WE-SOFA-28,Dallas,Mid-Century Sofa,West Elm,Furniture,1799,618,13,70,88.3,7.0,OK,12.5,STEADY,-7.0,0.2,baseline,"Surge score 12, steady",No action needed,420,0,Dallas DC,91207,0.76,R
WE-SOFA-28,Denver,Mid-Century Sofa,West Elm,Furniture,1799,285,140,70,35.2,8.1,STOCKOUT_RISK,12.1,STEADY,-8.6,-2.6,baseline,"Surge score 12, steady",No action needed,486,61,Denver Hub,106878,0.891,R
WE-SOFA-28,Houston,Mid-Century Sofa,West Elm,Furniture,1799,292,62,70,58.4,5.0,STOCKOUT_RISK,12.9,STEADY,-6.5,-1.3,baseline,"Surge score 13, steady",No action needed,300,0,Dallas DC,64813,0.54,R
WE-SOFA-28,Los Angeles,Mid-Century Sofa,West Elm,Furniture,1799,177,139,70,25.3,7.0,STOCKOUT_RISK,10.5,STEADY,-10.6,-4.3,baseline,"Surge score 10, steady",No action needed,420,104,City of Industry DC,95821,0.799,R
WE-SOFA-28,Miami,Mid-Century Sofa,West Elm,Furniture,1799,129,0,70,27.4,4.7,STOCKOUT_RISK,12.7,STEADY,-7.8,-2.8,baseline,"Surge score 13, steady",No action needed,282,153,Pompano Beach Hub,62462,0.521,R
WE-SOFA-28,New York,Mid-Century Sofa,West Elm,Furniture,1799,376,0,70,51.5,7.3,STOCKOUT_RISK,11.8,STEADY,-9.2,-1.3,baseline,"Surge score 12, steady",No action needed,438,62,South Brunswick DC,100022,0.834,R
WE-SOFA-28,Phoenix,Mid-Century Sofa,West Elm,Furniture,1799,212,108,70,32.1,6.6,STOCKOUT_RISK,11.8,STEADY,-8.2,-0.9,baseline,"Surge score 12, steady",No action needed,396,76,Litchfield Park DC,89610,0.747,R
WE-SOFA-28,San Francisco,Mid-Century Sofa,West Elm,Furniture,1799,482,187,70,48.7,9.9,STOCKOUT_RISK,13.1,STEADY,-7.8,0.0,baseline,"Surge score 13, steady",No action needed,594,0,Tracy DC,125105,1.0,R
WE-SOFA-28,Seattle,Mid-Century Sofa,West Elm,Furniture,1799,726,60,70,89.6,8.1,OK,11.5,STEADY,-8.8,-1.9,baseline,"Surge score 12, steady",No action needed,486,0,Tracy DC,109389,0.912,R
WE-THROW-38,Atlanta,Velvet Throw Pillow,West Elm,Decor,45,2254,0,21,74.9,30.1,OVERSTOCK_RISK,10.2,STEADY,-9.7,0.1,baseline,"Surge score 10, steady",No action needed,1806,0,Braselton DC,89691,0.747,R
WE-THROW-38,Chicago,Velvet Throw Pillow,West Elm,Decor,45,1719,457,21,55.6,30.9,OVERSTOCK_RISK,10.3,STEADY,-9.0,-1.9,baseline,"Surge score 10, steady",No action needed,1854,0,Olive Branch DC,89918,0.749,R
WE-THROW-38,Dallas,Velvet Throw Pillow,West Elm,Decor,45,778,0,21,25.1,31.0,STOCKOUT_RISK,10.2,STEADY,-10.2,-0.3,baseline,"Surge score 10, steady",No action needed,1860,1082,Dallas DC,91207,0.76,R
WE-THROW-38,Denver,Velvet Throw Pillow,West Elm,Decor,45,1672,214,21,47.8,35.0,OK,10.3,STEADY,-10.2,0.0,baseline,"Surge score 10, steady",No action needed,2100,214,Denver Hub,106878,0.891,R
WE-THROW-38,Houston,Velvet Throw Pillow,West Elm,Decor,45,1051,96,21,42.7,24.6,OK,9.6,STEADY,-9.6,-1.1,baseline,"Surge score 10, steady",No action needed,1476,329,Dallas DC,64813,0.54,R
WE-THROW-38,Los Angeles,Velvet Throw Pillow,West Elm,Decor,45,1952,562,21,62.2,31.4,OVERSTOCK_RISK,10.6,STEADY,-8.0,-1.4,baseline,"Surge score 11, steady",No action needed,1884,0,City of Industry DC,95821,0.799,R
WE-THROW-38,Miami,Velvet Throw Pillow,West Elm,Decor,45,2504,21,21,97.4,25.7,OVERSTOCK_RISK,10.9,STEADY,-7.5,-0.2,baseline,"Surge score 11, steady",No action needed,1542,0,Pompano Beach Hub,62462,0.521,R
WE-THROW-38,New York,Velvet Throw Pillow,West Elm,Decor,45,887,0,21,28.0,31.7,OK,9.1,STEADY,-10.6,-1.3,baseline,"Surge score 9, steady",No action needed,1902,1015,South Brunswick DC,100022,0.834,R
WE-THROW-38,Phoenix,Velvet Throw Pillow,West Elm,Decor,45,1495,0,21,49.2,30.4,OK,11.0,STEADY,-7.9,0.3,baseline,"Surge score 11, steady",No action needed,1824,329,Litchfield Park DC,89610,0.747,R
WE-THROW-38,San Francisco,Velvet Throw Pillow,West Elm,Decor,45,3321,465,21,84.3,39.4,OVERSTOCK_RISK,10.9,STEADY,-10.1,-1.4,baseline,"Surge score 11, steady",No action needed,2364,0,Tracy DC,125105,1.0,R
WE-THROW-38,Seattle,Velvet Throw Pillow,West Elm,Decor,45,3445,206,21,94.6,36.4,OVERSTOCK_RISK,10.5,STEADY,-10.1,-1.0,baseline,"Surge score 10, steady",No action needed,2184,0,Tracy DC,109389,0.912,R
WS-COPPER-42,Atlanta,Copper Cookware Set,Williams Sonoma,Kitchen,899,301,1,56,97.1,3.1,OK,11.1,STEADY,-9.7,0.4,baseline,"Surge score 11, steady",No action needed,186,0,Braselton DC,89691,0.747,R
WS-COPPER-42,Chicago,Copper Cookware Set,Williams Sonoma,Kitchen,899,272,0,56,93.8,2.9,OK,10.7,STEADY,-7.6,0.4,baseline,"Surge score 11, steady",No action needed,174,0,Olive Branch DC,89918,0.749,R
WS-COPPER-42,Dallas,Copper Cookware Set,Williams Sonoma,Kitchen,899,94,0,56,31.3,3.0,STOCKOUT_RISK,9.7,STEADY,-10.6,-1.6,baseline,"Surge score 10, steady",No action needed,180,86,Dallas DC,91207,0.76,R
WS-COPPER-42,Denver,Copper Cookware Set,Williams Sonoma,Kitchen,899,350,60,56,97.2,3.6,OK,10.0,STEADY,-11.4,-1.2,baseline,"Surge score 10, steady",No action needed,216,0,Denver Hub,106878,0.891,R
WS-COPPER-42,Houston,Copper Cookware Set,Williams Sonoma,Kitchen,899,83,19,56,39.5,2.1,STOCKOUT_RISK,10.9,STEADY,-9.4,0.1,baseline,"Surge score 11, steady",No action needed,126,24,Dallas DC,64813,0.54,R
WS-COPPER-42,Los Angeles,Copper Cookware Set,Williams Sonoma,Kitchen,899,181,61,56,54.8,3.3,STOCKOUT_RISK,11.0,STEADY,-8.7,0.0,baseline,"Surge score 11, steady",No action needed,198,0,City of Industry DC,95821,0.799,R
WS-COPPER-42,Miami,Copper Cookware Set,Williams Sonoma,Kitchen,899,74,0,56,37.0,2.0,STOCKOUT_RISK,10.3,STEADY,-8.3,-1.0,baseline,"Surge score 10, steady",No action needed,120,46,Pompano Beach Hub,62462,0.521,R
WS-COPPER-42,New York,Copper Cookware Set,Williams Sonoma,Kitchen,899,251,14,56,73.8,3.4,OK,11.6,STEADY,-9.0,-1.4,baseline,"Surge score 12, steady",No action needed,204,0,South Brunswick DC,100022,0.834,R
WS-COPPER-42,Phoenix,Copper Cookware Set,Williams Sonoma,Kitchen,899,279,12,56,90.0,3.1,OK,11.2,STEADY,-8.0,0.7,baseline,"Surge score 11, steady",No action needed,186,0,Litchfield Park DC,89610,0.747,R
WS-COPPER-42,San Francisco,Copper Cookware Set,Williams Sonoma,Kitchen,899,236,18,56,60.5,3.9,STOCKOUT_RISK,9.1,STEADY,-11.9,-2.3,baseline,"Surge score 9, steady",No action needed,234,0,Tracy DC,125105,1.0,R
WS-COPPER-42,Seattle,Copper Cookware Set,Williams Sonoma,Kitchen,899,136,0,56,40.0,3.4,STOCKOUT_RISK,9.8,STEADY,-8.3,0.9,baseline,"Surge score 10, steady",No action needed,204,68,Tracy DC,109389,0.912,R
WS-DUTCH-44,Atlanta,"Dutch Oven, Cast Iron",Williams Sonoma,Kitchen,299,375,37,42,37.5,10.0,STOCKOUT_RISK,11.2,STEADY,-8.1,-2.3,baseline,"Surge score 11, steady",No action needed,600,188,Braselton DC,89691,0.747,R
WS-DUTCH-44,Chicago,"Dutch Oven, Cast Iron",Williams Sonoma,Kitchen,299,744,29,42,75.2,9.9,OK,10.2,STEADY,-9.5,-0.9,baseline,"Surge score 10, steady",No action needed,594,0,Olive Branch DC,89918,0.749,R
WS-DUTCH-44,Dallas,"Dutch Oven, Cast Iron",Williams Sonoma,Kitchen,299,416,177,42,43.3,9.6,STOCKOUT_RISK,10.1,STEADY,-8.3,-2.8,baseline,"Surge score 10, steady",No action needed,576,0,Dallas DC,91207,0.76,R
WS-DUTCH-44,Denver,"Dutch Oven, Cast Iron",Williams Sonoma,Kitchen,299,302,37,42,25.2,12.0,STOCKOUT_RISK,10.2,STEADY,-10.5,-2.3,baseline,"Surge score 10, steady",No action needed,720,381,Denver Hub,106878,0.891,R
WS-DUTCH-44,Houston,"Dutch Oven, Cast Iron",Williams Sonoma,Kitchen,299,785,0,42,96.9,8.1,OK,9.6,STEADY,-11.1,-0.6,baseline,"Surge score 10, steady",No action needed,486,0,Dallas DC,64813,0.54,R
WS-DUTCH-44,Los Angeles,"Dutch Oven, Cast Iron",Williams Sonoma,Kitchen,299,983,0,42,97.3,10.1,OK,9.1,STEADY,-11.1,-1.5,baseline,"Surge score 9, steady",No action needed,606,0,City of Industry DC,95821,0.799,R
WS-DUTCH-44,Miami,"Dutch Oven, Cast Iron",Williams Sonoma,Kitchen,299,526,58,42,62.6,8.4,OK,9.5,STEADY,-12.3,-2.0,baseline,"Surge score 10, steady",No action needed,504,0,Pompano Beach Hub,62462,0.521,R
WS-DUTCH-44,New York,"Dutch Oven, Cast Iron",Williams Sonoma,Kitchen,299,564,121,42,51.3,11.0,OK,9.5,STEADY,-11.3,-2.9,baseline,"Surge score 10, steady",No action needed,660,0,South Brunswick DC,100022,0.834,R
WS-DUTCH-44,Phoenix,"Dutch Oven, Cast Iron",Williams Sonoma,Kitchen,299,475,94,42,49.0,9.7,STOCKOUT_RISK,11.2,STEADY,-7.6,-0.5,baseline,"Surge score 11, steady",No action needed,582,13,Litchfield Park DC,89610,0.747,R
WS-DUTCH-44,San Francisco,"Dutch Oven, Cast Iron",Williams Sonoma,Kitchen,299,985,0,42,79.4,12.4,OK,10.0,STEADY,-8.9,-0.6,baseline,"Surge score 10, steady",No action needed,744,0,Tracy DC,125105,1.0,R
WS-DUTCH-44,Seattle,"Dutch Oven, Cast Iron",Williams Sonoma,Kitchen,299,979,28,42,79.0,12.4,OK,9.6,STEADY,-10.0,-1.9,baseline,"Surge score 10, steady",No action needed,744,0,Tracy DC,109389,0.912,R
WS-KNIFE-40,Atlanta,Chef Knife Set,Williams Sonoma,Kitchen,349,226,88,35,30.5,7.4,STOCKOUT_RISK,9.2,STEADY,-10.5,-6.9,baseline,"Surge score 9, steady",No action needed,444,130,Braselton DC,89691,0.747,R
WS-KNIFE-40,Chicago,Chef Knife Set,Williams Sonoma,Kitchen,349,528,0,35,62.9,8.4,OK,10.3,STEADY,-9.9,0.7,baseline,"Surge score 10, steady",No action needed,504,0,Olive Branch DC,89918,0.749,R
WS-KNIFE-40,Dallas,Chef Knife Set,Williams Sonoma,Kitchen,349,169,149,35,21.4,7.9,STOCKOUT_RISK,9.0,STEADY,-11.2,-5.0,baseline,"Surge score 9, steady",No action needed,474,156,Dallas DC,91207,0.76,R
WS-KNIFE-40,Denver,Chef Knife Set,Williams Sonoma,Kitchen,349,553,124,35,53.7,10.3,OK,12.0,STEADY,-6.1,-0.2,baseline,"Surge score 12, steady",No action needed,618,0,Denver Hub,106878,0.891,R
WS-KNIFE-40,Houston,Chef Knife Set,Williams Sonoma,Kitchen,349,423,24,35,74.2,5.7,OK,8.9,STEADY,-10.3,-4.0,baseline,"Surge score 9, steady",No action needed,342,0,Dallas DC,64813,0.54,R
WS-KNIFE-40,Los Angeles,Chef Knife Set,Williams Sonoma,Kitchen,349,767,4,35,86.2,8.9,OK,12.8,STEADY,-4.9,0.9,baseline,"Surge score 13, steady",No action needed,534,0,City of Industry DC,95821,0.799,R
WS-KNIFE-40,Miami,Chef Knife Set,Williams Sonoma,Kitchen,349,339,69,35,62.8,5.4,OK,12.1,STEADY,-5.4,0.8,baseline,"Surge score 12, steady",No action needed,324,0,Pompano Beach Hub,62462,0.521,R
WS-KNIFE-40,New York,Chef Knife Set,Williams Sonoma,Kitchen,349,567,64,35,63.0,9.0,OK,12.5,STEADY,-6.2,-1.3,baseline,"Surge score 12, steady",No action needed,540,0,South Brunswick DC,100022,0.834,R
WS-KNIFE-40,Phoenix,Chef Knife Set,Williams Sonoma,Kitchen,349,356,0,35,45.1,7.9,OK,14.5,STEADY,-1.5,4.3,baseline,"Surge score 14, steady",No action needed,474,118,Litchfield Park DC,89610,0.747,R
WS-KNIFE-40,San Francisco,Chef Knife Set,Williams Sonoma,Kitchen,349,367,171,35,33.1,11.1,STOCKOUT_RISK,11.9,STEADY,-5.8,-1.5,baseline,"Surge score 12, steady",No action needed,666,128,Tracy DC,125105,1.0,R
WS-KNIFE-40,Seattle,Chef Knife Set,Williams Sonoma,Kitchen,349,593,180,35,59.3,10.0,OK,10.3,STEADY,-9.5,-0.7,baseline,"Surge score 10, steady",No action needed,600,0,Tracy DC,109389,0.912,R
WS-MIXER-05,Atlanta,"Stand Mixer, Red",Williams Sonoma,Kitchen,449,406,102,49,67.7,6.0,OK,10.0,STEADY,-9.4,-2.3,baseline,"Surge score 10, steady",No action needed,360,0,Braselton DC,89691,0.747,E
WS-MIXER-05,Chicago,"Stand Mixer, Red",Williams Sonoma,Kitchen,449,295,112,49,51.8,5.7,STOCKOUT_RISK,9.4,STEADY,-9.1,-3.8,baseline,"Surge score 9, steady",No action needed,342,0,Olive Branch DC,89918,0.749,E
WS-MIXER-05,Dallas,"Stand Mixer, Red",Williams Sonoma,Kitchen,449,325,40,49,54.2,6.0,STOCKOUT_RISK,10.5,STEADY,-9.7,-0.2,baseline,"Surge score 10, steady",No action needed,360,0,Dallas DC,91207,0.76,E
WS-MIXER-05,Denver,"Stand Mixer, Red",Williams Sonoma,Kitchen,449,458,42,49,62.7,7.3,OK,10.0,STEADY,-10.5,0.2,baseline,"Surge score 10, steady",No action needed,438,0,Denver Hub,106878,0.891,E
WS-MIXER-05,Houston,"Stand Mixer, Red",Williams Sonoma,Kitchen,449,260,5,49,56.5,4.6,STOCKOUT_RISK,10.4,STEADY,-9.8,0.3,baseline,"Surge score 10, steady",No action needed,276,11,Dallas DC,64813,0.54,E
WS-MIXER-05,Los Angeles,"Stand Mixer, Red",Williams Sonoma,Kitchen,449,390,56,49,63.9,6.1,OK,9.9,STEADY,-9.0,-1.1,baseline,"Surge score 10, steady",No action needed,366,0,City of Industry DC,95821,0.799,E
WS-MIXER-05,Miami,"Stand Mixer, Red",Williams Sonoma,Kitchen,449,173,59,49,43.2,4.0,STOCKOUT_RISK,9.1,STEADY,-11.6,-2.4,baseline,"Surge score 9, steady",No action needed,240,8,Pompano Beach Hub,62462,0.521,E
WS-MIXER-05,New York,"Stand Mixer, Red",Williams Sonoma,Kitchen,449,548,67,49,79.4,6.9,OK,10.7,STEADY,-9.0,-0.1,baseline,"Surge score 11, steady",No action needed,414,0,South Brunswick DC,100022,0.834,E
WS-MIXER-05,Phoenix,"Stand Mixer, Red",Williams Sonoma,Kitchen,449,258,111,49,43.0,6.0,STOCKOUT_RISK,10.3,STEADY,-8.9,-2.4,baseline,"Surge score 10, steady",No action needed,360,0,Litchfield Park DC,89610,0.747,E
WS-MIXER-05,San Francisco,"Stand Mixer, Red",Williams Sonoma,Kitchen,449,550,17,49,65.5,8.4,OK,9.8,STEADY,-9.5,-1.0,baseline,"Surge score 10, steady",No action needed,504,0,Tracy DC,125105,1.0,E
WS-MIXER-05,Seattle,"Stand Mixer, Red",Williams Sonoma,Kitchen,449,531,128,49,71.8,7.4,OK,9.9,STEADY,-11.1,-3.5,baseline,"Surge score 10, steady",No action needed,444,0,Tracy DC,109389,0.912,E
WS-WINE-46,Atlanta,Crystal Wine Glass Set,Williams Sonoma,Entertaining,129,940,66,28,85.5,11.0,OVERSTOCK_RISK,9.6,STEADY,-9.4,-2.5,baseline,"Surge score 10, steady",No action needed,660,0,Braselton DC,89691,0.747,R
WS-WINE-46,Chicago,Crystal Wine Glass Set,Williams Sonoma,Entertaining,129,932,241,28,78.3,11.9,OVERSTOCK_RISK,11.6,STEADY,-7.5,-0.4,baseline,"Surge score 12, steady",No action needed,714,0,Olive Branch DC,89918,0.749,R
WS-WINE-46,Dallas,Crystal Wine Glass Set,Williams Sonoma,Entertaining,129,942,0,28,77.9,12.1,OVERSTOCK_RISK,10.1,STEADY,-8.6,-2.3,baseline,"Surge score 10, steady",No action needed,726,0,Dallas DC,91207,0.76,R
WS-WINE-46,Denver,Crystal Wine Glass Set,Williams Sonoma,Entertaining,129,1234,243,28,86.3,14.3,OVERSTOCK_RISK,11.5,STEADY,-7.4,-0.5,baseline,"Surge score 12, steady",No action needed,858,0,Denver Hub,106878,0.891,R
WS-WINE-46,Houston,Crystal Wine Glass Set,Williams Sonoma,Entertaining,129,454,150,28,45.4,10.0,OK,12.0,STEADY,-5.9,0.5,baseline,"Surge score 12, steady",No action needed,600,0,Dallas DC,64813,0.54,R
WS-WINE-46,Los Angeles,Crystal Wine Glass Set,Williams Sonoma,Entertaining,129,654,168,28,49.2,13.3,OK,12.8,STEADY,-5.7,0.7,baseline,"Surge score 13, steady",No action needed,798,0,City of Industry DC,95821,0.799,R
WS-WINE-46,Miami,Crystal Wine Glass Set,Williams Sonoma,Entertaining,129,462,128,28,48.1,9.6,OK,10.1,STEADY,-8.7,-0.6,baseline,"Surge score 10, steady",No action needed,576,0,Pompano Beach Hub,62462,0.521,R
WS-WINE-46,New York,Crystal Wine Glass Set,Williams Sonoma,Entertaining,129,593,146,28,44.3,13.4,OK,10.3,STEADY,-9.8,-1.4,baseline,"Surge score 10, steady",No action needed,804,65,South Brunswick DC,100022,0.834,R
WS-WINE-46,Phoenix,Crystal Wine Glass Set,Williams Sonoma,Entertaining,129,1119,0,28,90.2,12.4,OVERSTOCK_RISK,10.0,STEADY,-11.3,-2.4,baseline,"Surge score 10, steady",No action needed,744,0,Litchfield Park DC,89610,0.747,R
WS-WINE-46,San Francisco,Crystal Wine Glass Set,Williams Sonoma,Entertaining,129,920,209,28,61.3,15.0,OK,10.1,STEADY,-8.8,-2.3,baseline,"Surge score 10, steady",No action needed,900,0,Tracy DC,125105,1.0,R
WS-WINE-46,Seattle,Crystal Wine Glass Set,Williams Sonoma,Entertaining,129,1216,284,28,82.7,14.7,OVERSTOCK_RISK,11.1,STEADY,-7.8,-2.4,baseline,"Surge score 11, steady",No action needed,882,0,Tracy DC,109389,0.912,R
